time,StockID,price,StreamID,dataSetkey
2025-02-02 13:12:10,ForexALLNoExpiry,778.12,ForexALLNoExpiry,Forex
2024-10-27 22:20:39,ForexALLNoExpiry,860.65,ForexALLNoExpiry,Forex
2025-01-28 16:30:06,ForexALLNoExpiry,530.4,ForexALLNoExpiry,Forex
2025-01-26 20:11:35,ForexALLNoExpiry,772.89,ForexALLNoExpiry,Forex
2024-08-08 14:26:54,ForexALLNoExpiry,657.45,ForexALLNoExpiry,Forex
2024-08-15 14:31:20,ForexALLNoExpiry,480.58,ForexALLNoExpiry,Forex
2024-10-27 06:52:30,ForexALLNoExpiry,614.76,ForexALLNoExpiry,Forex
2024-03-22 21:55:22,ForexALLNoExpiry,927.17,ForexALLNoExpiry,Forex
2025-01-19 23:53:22,ForexALLNoExpiry,653.59,ForexALLNoExpiry,Forex
2024-09-30 07:45:00,ForexALLNoExpiry,380.69,ForexALLNoExpiry,Forex
2023-12-12 18:28:11,ForexALLNoExpiry,631.68,ForexALLNoExpiry,Forex
2024-02-18 20:37:31,ForexALLNoExpiry,651.34,ForexALLNoExpiry,Forex
2023-10-11 23:26:39,ForexALLNoExpiry,449.68,ForexALLNoExpiry,Forex
2024-12-13 23:13:50,ForexALLNoExpiry,900.73,ForexALLNoExpiry,Forex
2024-03-02 09:31:00,ForexALLNoExpiry,139.55,ForexALLNoExpiry,Forex
2024-12-08 01:12:58,ForexALLNoExpiry,334.67,ForexALLNoExpiry,Forex
2024-10-18 18:01:37,ForexALLNoExpiry,835.71,ForexALLNoExpiry,Forex
2023-07-11 12:23:06,ForexALLNoExpiry,461.61,ForexALLNoExpiry,Forex
2023-12-13 15:30:07,ForexALLNoExpiry,455.75,ForexALLNoExpiry,Forex
2024-09-07 08:53:34,ForexALLNoExpiry,696,ForexALLNoExpiry,Forex
2023-08-13 10:37:44,ForexALLNoExpiry,351.48,ForexALLNoExpiry,Forex
2024-05-03 23:08:07,ForexALLNoExpiry,511.96,ForexALLNoExpiry,Forex
2024-07-12 16:42:26,ForexALLNoExpiry,522.13,ForexALLNoExpiry,Forex
2024-09-25 06:25:59,ForexALLNoExpiry,264.81,ForexALLNoExpiry,Forex
2025-02-17 13:18:07,ForexALLNoExpiry,623.87,ForexALLNoExpiry,Forex
2024-01-07 01:35:39,ForexALLNoExpiry,489.44,ForexALLNoExpiry,Forex
2024-02-25 18:52:13,ForexALLNoExpiry,827.51,ForexALLNoExpiry,Forex
2023-07-03 02:33:25,ForexALLNoExpiry,592.36,ForexALLNoExpiry,Forex
2024-12-29 12:44:13,ForexALLNoExpiry,965.79,ForexALLNoExpiry,Forex
2023-08-16 16:56:00,ForexALLNoExpiry,430.1,ForexALLNoExpiry,Forex
2024-11-02 05:55:10,ForexALLNoExpiry,940.4,ForexALLNoExpiry,Forex
2024-01-13 09:07:39,ForexALLNoExpiry,248.98,ForexALLNoExpiry,Forex
2024-11-20 15:36:40,ForexALLNoExpiry,516.36,ForexALLNoExpiry,Forex
2024-11-28 06:54:56,ForexALLNoExpiry,174.52,ForexALLNoExpiry,Forex
2025-01-27 15:49:33,ForexALLNoExpiry,479.35,ForexALLNoExpiry,Forex
2024-07-02 02:42:48,ForexALLNoExpiry,138.21,ForexALLNoExpiry,Forex
2024-08-03 10:36:39,ForexALLNoExpiry,728.83,ForexALLNoExpiry,Forex
2024-04-30 17:16:01,ForexALLNoExpiry,814.08,ForexALLNoExpiry,Forex
2024-02-04 07:31:55,ForexALLNoExpiry,755.7,ForexALLNoExpiry,Forex
2024-10-08 09:49:44,ForexALLNoExpiry,476.84,ForexALLNoExpiry,Forex
2024-04-19 17:00:56,ForexALLNoExpiry,517.92,ForexALLNoExpiry,Forex
2025-01-20 00:27:11,ForexALLNoExpiry,515.02,ForexALLNoExpiry,Forex
2024-04-20 19:07:33,ForexALLNoExpiry,414.89,ForexALLNoExpiry,Forex
2023-08-29 09:04:37,ForexALLNoExpiry,501.98,ForexALLNoExpiry,Forex
2024-04-19 10:29:37,ForexALLNoExpiry,707.61,ForexALLNoExpiry,Forex
2023-06-26 10:13:26,ForexALLNoExpiry,905.65,ForexALLNoExpiry,Forex
2024-11-03 12:11:28,ForexALLNoExpiry,629.43,ForexALLNoExpiry,Forex
2024-05-27 05:46:21,ForexALLNoExpiry,594.39,ForexALLNoExpiry,Forex
2023-10-02 15:01:35,ForexALLNoExpiry,949.98,ForexALLNoExpiry,Forex
2024-02-29 05:35:14,ForexALLNoExpiry,644.72,ForexALLNoExpiry,Forex
2025-02-24 16:14:07,ForexALLNoExpiry,995.52,ForexALLNoExpiry,Forex
2024-11-23 21:29:52,ForexALLNoExpiry,548.37,ForexALLNoExpiry,Forex
2024-01-11 20:33:14,ForexALLNoExpiry,144.47,ForexALLNoExpiry,Forex
2023-08-16 13:59:19,ForexALLNoExpiry,245.64,ForexALLNoExpiry,Forex
2023-08-15 08:58:37,ForexALLNoExpiry,933.96,ForexALLNoExpiry,Forex
2024-01-16 14:55:30,ForexALLNoExpiry,676.07,ForexALLNoExpiry,Forex
2024-09-14 05:06:43,ForexALLNoExpiry,497.53,ForexALLNoExpiry,Forex
2023-10-05 04:33:05,ForexALLNoExpiry,760.81,ForexALLNoExpiry,Forex
2023-08-22 23:24:51,ForexALLNoExpiry,638.56,ForexALLNoExpiry,Forex
2025-01-27 23:32:51,ForexALLNoExpiry,947.55,ForexALLNoExpiry,Forex
2025-01-13 22:01:47,ForexALLNoExpiry,333.37,ForexALLNoExpiry,Forex
2023-07-11 08:53:15,ForexALLNoExpiry,262.28,ForexALLNoExpiry,Forex
2024-03-04 18:53:48,ForexALLNoExpiry,223.82,ForexALLNoExpiry,Forex
2024-07-29 01:59:14,ForexALLNoExpiry,317.69,ForexALLNoExpiry,Forex
2025-02-21 07:32:59,ForexALLNoExpiry,220.99,ForexALLNoExpiry,Forex
2023-12-11 22:38:09,ForexALLNoExpiry,841.79,ForexALLNoExpiry,Forex
2023-12-02 01:40:42,ForexALLNoExpiry,441.41,ForexALLNoExpiry,Forex
2025-02-24 18:52:57,ForexALLNoExpiry,745.47,ForexALLNoExpiry,Forex
2025-02-10 15:02:22,ForexALLNoExpiry,986.96,ForexALLNoExpiry,Forex
2023-07-24 13:09:58,ForexALLNoExpiry,559.76,ForexALLNoExpiry,Forex
2023-09-06 03:10:29,ForexALLNoExpiry,942.97,ForexALLNoExpiry,Forex
2023-08-19 03:31:24,ForexALLNoExpiry,870.93,ForexALLNoExpiry,Forex
2024-04-30 23:11:13,ForexALLNoExpiry,338.87,ForexALLNoExpiry,Forex
2024-09-13 02:43:41,ForexALLNoExpiry,967.15,ForexALLNoExpiry,Forex
2024-01-10 00:17:23,ForexALLNoExpiry,378.54,ForexALLNoExpiry,Forex
2024-01-10 19:42:07,ForexALLNoExpiry,922.62,ForexALLNoExpiry,Forex
2023-09-26 21:02:36,ForexALLNoExpiry,914.38,ForexALLNoExpiry,Forex
2024-06-21 04:20:16,ForexALLNoExpiry,795.91,ForexALLNoExpiry,Forex
2024-01-22 18:49:05,ForexALLNoExpiry,223.32,ForexALLNoExpiry,Forex
2024-01-06 00:54:30,ForexALLNoExpiry,970.38,ForexALLNoExpiry,Forex
2023-12-12 15:04:31,ForexALLNoExpiry,178.28,ForexALLNoExpiry,Forex
2024-01-17 18:30:50,ForexALLNoExpiry,391.02,ForexALLNoExpiry,Forex
2025-01-16 03:09:25,ForexALLNoExpiry,508.62,ForexALLNoExpiry,Forex
2023-07-29 11:30:55,ForexALLNoExpiry,635.84,ForexALLNoExpiry,Forex
2024-02-29 20:02:48,ForexALLNoExpiry,346.76,ForexALLNoExpiry,Forex
2024-09-18 13:20:11,ForexALLNoExpiry,797.93,ForexALLNoExpiry,Forex
2023-10-14 19:33:00,ForexALLNoExpiry,296.82,ForexALLNoExpiry,Forex
2024-11-18 07:38:58,ForexALLNoExpiry,850.79,ForexALLNoExpiry,Forex
2024-01-27 07:17:07,ForexALLNoExpiry,885.56,ForexALLNoExpiry,Forex
2024-01-18 03:04:18,ForexALLNoExpiry,342.2,ForexALLNoExpiry,Forex
2023-12-22 04:22:37,ForexALLNoExpiry,451.67,ForexALLNoExpiry,Forex
2024-01-09 00:56:24,ForexALLNoExpiry,887.95,ForexALLNoExpiry,Forex
2024-09-16 03:45:35,ForexALLNoExpiry,372.09,ForexALLNoExpiry,Forex
2024-01-21 08:10:54,ForexALLNoExpiry,987.72,ForexALLNoExpiry,Forex
2023-11-22 13:25:27,ForexALLNoExpiry,805.09,ForexALLNoExpiry,Forex
2024-07-04 08:44:21,ForexALLNoExpiry,720.5,ForexALLNoExpiry,Forex
2023-11-24 02:41:11,ForexALLNoExpiry,883.99,ForexALLNoExpiry,Forex
2023-10-07 07:05:22,ForexALLNoExpiry,740.06,ForexALLNoExpiry,Forex
2024-01-30 09:10:23,ForexALLNoExpiry,257.4,ForexALLNoExpiry,Forex
2023-07-12 21:24:40,ForexALLNoExpiry,777.29,ForexALLNoExpiry,Forex
2023-12-15 23:42:01,ForexALLNoExpiry,998.9,ForexALLNoExpiry,Forex
2023-08-06 12:14:08,ForexALLNoExpiry,823.51,ForexALLNoExpiry,Forex
2023-06-30 15:52:57,ForexALLNoExpiry,842.6,ForexALLNoExpiry,Forex
2025-01-21 17:56:06,ForexALLNoExpiry,694.34,ForexALLNoExpiry,Forex
2023-12-19 17:13:07,ForexALLNoExpiry,317.66,ForexALLNoExpiry,Forex
2023-09-03 19:31:41,ForexALLNoExpiry,140.68,ForexALLNoExpiry,Forex
2024-04-17 04:44:55,ForexALLNoExpiry,617.84,ForexALLNoExpiry,Forex
2024-07-16 21:30:59,ForexALLNoExpiry,835.25,ForexALLNoExpiry,Forex
2023-09-21 23:24:12,ForexALLNoExpiry,953.67,ForexALLNoExpiry,Forex
2023-06-19 18:54:35,ForexALLNoExpiry,201.81,ForexALLNoExpiry,Forex
2023-11-29 19:20:51,ForexALLNoExpiry,148.16,ForexALLNoExpiry,Forex
2024-03-12 20:42:41,ForexALLNoExpiry,955.66,ForexALLNoExpiry,Forex
2024-12-22 22:20:43,ForexALLNoExpiry,949.57,ForexALLNoExpiry,Forex
2024-09-25 16:07:18,ForexALLNoExpiry,518.46,ForexALLNoExpiry,Forex
2023-07-11 20:28:56,ForexALLNoExpiry,516.74,ForexALLNoExpiry,Forex
2023-06-29 10:37:57,ForexALLNoExpiry,525.38,ForexALLNoExpiry,Forex
2024-05-07 18:44:47,ForexALLNoExpiry,856.19,ForexALLNoExpiry,Forex
2024-08-22 18:29:19,ForexALLNoExpiry,815.14,ForexALLNoExpiry,Forex
2024-01-13 09:40:42,ForexALLNoExpiry,405.64,ForexALLNoExpiry,Forex
2024-05-09 07:59:08,ForexALLNoExpiry,179.86,ForexALLNoExpiry,Forex
2025-02-25 10:54:28,ForexALLNoExpiry,268.8,ForexALLNoExpiry,Forex
2023-11-08 15:34:33,ForexALLNoExpiry,588.45,ForexALLNoExpiry,Forex
2024-08-10 13:11:17,ForexALLNoExpiry,669.72,ForexALLNoExpiry,Forex
2023-11-01 20:20:14,ForexALLNoExpiry,815.83,ForexALLNoExpiry,Forex
2024-04-02 03:51:10,ForexALLNoExpiry,690.1,ForexALLNoExpiry,Forex
2025-01-26 08:47:54,ForexALLNoExpiry,800.6,ForexALLNoExpiry,Forex
2023-08-15 08:20:37,ForexALLNoExpiry,702.25,ForexALLNoExpiry,Forex
2023-11-26 01:07:06,ForexALLNoExpiry,129.13,ForexALLNoExpiry,Forex
2024-07-10 15:41:11,ForexALLNoExpiry,382.46,ForexALLNoExpiry,Forex
2024-12-30 01:26:47,ForexALLNoExpiry,154.67,ForexALLNoExpiry,Forex
2024-09-25 02:24:16,ForexALLNoExpiry,350.63,ForexALLNoExpiry,Forex
2024-01-05 19:10:09,ForexALLNoExpiry,189.81,ForexALLNoExpiry,Forex
2023-10-28 20:40:57,ForexALLNoExpiry,480.29,ForexALLNoExpiry,Forex
2025-02-23 11:55:14,ForexALLNoExpiry,399,ForexALLNoExpiry,Forex
2024-05-20 12:52:50,ForexALLNoExpiry,274.63,ForexALLNoExpiry,Forex
2024-06-27 17:28:20,ForexALLNoExpiry,190.22,ForexALLNoExpiry,Forex
2024-05-11 19:28:19,ForexALLNoExpiry,698.59,ForexALLNoExpiry,Forex
2024-06-24 07:21:46,ForexALLNoExpiry,703.24,ForexALLNoExpiry,Forex
2024-07-29 10:14:52,ForexALLNoExpiry,570.56,ForexALLNoExpiry,Forex
2025-01-08 16:46:12,ForexALLNoExpiry,573.97,ForexALLNoExpiry,Forex
2023-08-04 04:21:22,ForexALLNoExpiry,634.35,ForexALLNoExpiry,Forex
2025-02-16 04:45:32,ForexALLNoExpiry,343.41,ForexALLNoExpiry,Forex
2024-05-18 21:00:18,ForexALLNoExpiry,964.2,ForexALLNoExpiry,Forex
2023-12-17 00:59:29,ForexALLNoExpiry,648.76,ForexALLNoExpiry,Forex
2023-09-13 23:50:37,ForexALLNoExpiry,910.44,ForexALLNoExpiry,Forex
2024-06-29 10:25:00,ForexALLNoExpiry,118.84,ForexALLNoExpiry,Forex
2024-02-10 12:55:36,ForexALLNoExpiry,503.15,ForexALLNoExpiry,Forex
2024-10-12 18:28:31,ForexALLNoExpiry,996.63,ForexALLNoExpiry,Forex
2023-12-13 02:48:22,ForexALLNoExpiry,302.31,ForexALLNoExpiry,Forex
2023-07-13 13:25:35,ForexALLNoExpiry,971.86,ForexALLNoExpiry,Forex
2023-12-12 11:00:16,ForexALLNoExpiry,174.88,ForexALLNoExpiry,Forex
2024-11-18 12:49:07,ForexALLNoExpiry,363.46,ForexALLNoExpiry,Forex
2024-04-04 22:04:08,ForexALLNoExpiry,407.08,ForexALLNoExpiry,Forex
2024-09-01 03:08:01,ForexALLNoExpiry,205.34,ForexALLNoExpiry,Forex
2025-02-09 13:09:41,ForexALLNoExpiry,846.96,ForexALLNoExpiry,Forex
2024-04-26 21:32:37,ForexALLNoExpiry,628.88,ForexALLNoExpiry,Forex
2024-03-11 00:50:35,ForexALLNoExpiry,927.7,ForexALLNoExpiry,Forex
2023-11-26 05:00:01,ForexALLNoExpiry,434.67,ForexALLNoExpiry,Forex
2024-07-23 06:16:52,ForexALLNoExpiry,135.39,ForexALLNoExpiry,Forex
2023-06-25 23:22:19,ForexALLNoExpiry,818.11,ForexALLNoExpiry,Forex
2024-11-18 21:09:37,ForexALLNoExpiry,451.29,ForexALLNoExpiry,Forex
2024-05-05 22:28:32,ForexALLNoExpiry,375.91,ForexALLNoExpiry,Forex
2023-10-06 06:46:01,ForexALLNoExpiry,939.19,ForexALLNoExpiry,Forex
2024-05-14 01:45:18,ForexALLNoExpiry,791.69,ForexALLNoExpiry,Forex
2025-02-16 13:25:51,ForexALLNoExpiry,871.46,ForexALLNoExpiry,Forex
2023-10-28 09:47:03,ForexALLNoExpiry,871.67,ForexALLNoExpiry,Forex
2024-01-07 18:24:46,ForexALLNoExpiry,120.18,ForexALLNoExpiry,Forex
2023-08-11 14:08:28,ForexALLNoExpiry,893.18,ForexALLNoExpiry,Forex
2023-10-27 10:52:04,ForexALLNoExpiry,322.63,ForexALLNoExpiry,Forex
2024-03-22 09:06:44,ForexALLNoExpiry,909.2,ForexALLNoExpiry,Forex
2024-08-19 04:27:31,ForexALLNoExpiry,784.51,ForexALLNoExpiry,Forex
2024-10-07 12:38:17,ForexALLNoExpiry,528.31,ForexALLNoExpiry,Forex
2025-01-28 04:59:45,ForexALLNoExpiry,416.94,ForexALLNoExpiry,Forex
2024-06-07 18:51:31,ForexALLNoExpiry,941.27,ForexALLNoExpiry,Forex
2024-04-26 15:18:07,ForexALLNoExpiry,129.19,ForexALLNoExpiry,Forex
2023-08-09 23:27:56,ForexALLNoExpiry,207.49,ForexALLNoExpiry,Forex
2023-07-25 15:10:42,ForexALLNoExpiry,631.19,ForexALLNoExpiry,Forex
2024-06-11 08:41:22,ForexALLNoExpiry,365.11,ForexALLNoExpiry,Forex
2023-07-22 17:17:58,ForexALLNoExpiry,832.12,ForexALLNoExpiry,Forex
2024-12-11 00:55:38,ForexALLNoExpiry,618.19,ForexALLNoExpiry,Forex
2024-08-02 17:43:05,ForexALLNoExpiry,224.25,ForexALLNoExpiry,Forex
2024-01-08 20:32:28,ForexALLNoExpiry,772.5,ForexALLNoExpiry,Forex
2025-02-08 12:08:48,ForexALLNoExpiry,909.85,ForexALLNoExpiry,Forex
2023-06-18 03:18:01,ForexALLNoExpiry,399.49,ForexALLNoExpiry,Forex
2024-11-13 10:42:39,ForexALLNoExpiry,265.06,ForexALLNoExpiry,Forex
2024-12-03 12:17:48,ForexALLNoExpiry,705.51,ForexALLNoExpiry,Forex
2023-09-15 20:36:48,ForexALLNoExpiry,604.82,ForexALLNoExpiry,Forex
2025-03-03 12:32:45,ForexALLNoExpiry,747.66,ForexALLNoExpiry,Forex
2024-08-03 03:41:00,ForexALLNoExpiry,809.71,ForexALLNoExpiry,Forex
2025-02-23 23:56:28,ForexALLNoExpiry,887.34,ForexALLNoExpiry,Forex
2023-12-29 10:47:32,ForexALLNoExpiry,218.76,ForexALLNoExpiry,Forex
2024-08-14 19:56:41,ForexALLNoExpiry,746.54,ForexALLNoExpiry,Forex
2024-07-27 09:49:16,ForexALLNoExpiry,260.2,ForexALLNoExpiry,Forex
2025-01-08 07:44:47,ForexALLNoExpiry,241.79,ForexALLNoExpiry,Forex
2023-09-03 15:00:35,ForexALLNoExpiry,671.37,ForexALLNoExpiry,Forex
2023-09-22 14:37:37,ForexALLNoExpiry,232.97,ForexALLNoExpiry,Forex
2024-07-29 18:34:05,ForexALLNoExpiry,239.57,ForexALLNoExpiry,Forex
2024-04-19 08:02:03,ForexALLNoExpiry,801.43,ForexALLNoExpiry,Forex
2025-01-19 19:47:07,ForexALLNoExpiry,815.08,ForexALLNoExpiry,Forex
2023-06-20 15:38:39,ForexALLNoExpiry,580.02,ForexALLNoExpiry,Forex
2024-03-04 01:51:31,ForexALLNoExpiry,615.7,ForexALLNoExpiry,Forex
2024-11-05 06:52:44,ForexALLNoExpiry,302.63,ForexALLNoExpiry,Forex
2024-05-12 18:18:50,ForexALLNoExpiry,359.14,ForexALLNoExpiry,Forex
2025-02-24 21:34:35,ForexALLNoExpiry,913.94,ForexALLNoExpiry,Forex
2024-02-07 07:17:47,ForexALLNoExpiry,815.09,ForexALLNoExpiry,Forex
2024-03-12 13:02:14,ForexALLNoExpiry,556.83,ForexALLNoExpiry,Forex
2024-05-18 11:35:33,ForexALLNoExpiry,189.38,ForexALLNoExpiry,Forex
2024-01-29 23:24:07,ForexALLNoExpiry,799.76,ForexALLNoExpiry,Forex
2023-10-27 12:20:38,ForexALLNoExpiry,841.32,ForexALLNoExpiry,Forex
2023-09-07 15:07:26,ForexALLNoExpiry,403.56,ForexALLNoExpiry,Forex
2024-11-28 08:07:42,ForexALLNoExpiry,468.55,ForexALLNoExpiry,Forex
2024-02-10 00:08:26,ForexALLNoExpiry,700.96,ForexALLNoExpiry,Forex
2024-01-25 15:47:11,ForexALLNoExpiry,757.31,ForexALLNoExpiry,Forex
2024-11-19 23:16:53,ForexALLNoExpiry,630.03,ForexALLNoExpiry,Forex
2023-12-04 12:54:05,ForexALLNoExpiry,516.66,ForexALLNoExpiry,Forex
2024-08-03 06:16:15,ForexALLNoExpiry,276.11,ForexALLNoExpiry,Forex
2024-01-03 14:19:12,ForexALLNoExpiry,291.81,ForexALLNoExpiry,Forex
2024-01-08 22:12:59,ForexALLNoExpiry,228.39,ForexALLNoExpiry,Forex
2023-11-05 18:00:42,ForexALLNoExpiry,672.25,ForexALLNoExpiry,Forex
2024-04-05 20:57:07,ForexALLNoExpiry,916.59,ForexALLNoExpiry,Forex
2023-10-15 03:33:33,ForexALLNoExpiry,584.71,ForexALLNoExpiry,Forex
2024-11-05 18:11:35,ForexALLNoExpiry,283.52,ForexALLNoExpiry,Forex
2023-09-25 19:16:18,ForexALLNoExpiry,372.03,ForexALLNoExpiry,Forex
2023-11-23 08:20:59,ForexALLNoExpiry,238.61,ForexALLNoExpiry,Forex
2023-07-02 06:26:32,ForexALLNoExpiry,353.93,ForexALLNoExpiry,Forex
2024-12-29 18:56:31,ForexALLNoExpiry,446.73,ForexALLNoExpiry,Forex
2024-02-28 20:05:12,ForexALLNoExpiry,456.21,ForexALLNoExpiry,Forex
2024-05-04 04:09:49,ForexALLNoExpiry,969.23,ForexALLNoExpiry,Forex
2023-10-02 10:17:10,ForexALLNoExpiry,934.77,ForexALLNoExpiry,Forex
2024-09-09 08:21:57,ForexALLNoExpiry,153.35,ForexALLNoExpiry,Forex
2024-03-28 01:13:52,ForexALLNoExpiry,369.31,ForexALLNoExpiry,Forex
2024-10-27 12:24:52,ForexALLNoExpiry,181.57,ForexALLNoExpiry,Forex
2023-07-01 21:28:20,ForexALLNoExpiry,237.49,ForexALLNoExpiry,Forex
2025-02-27 12:42:22,ForexALLNoExpiry,787.31,ForexALLNoExpiry,Forex
2024-07-25 04:27:12,ForexALLNoExpiry,359.36,ForexALLNoExpiry,Forex
2024-06-23 10:52:34,ForexALLNoExpiry,574.2,ForexALLNoExpiry,Forex
2024-10-11 01:59:13,ForexALLNoExpiry,118.54,ForexALLNoExpiry,Forex
2025-01-09 20:19:06,ForexALLNoExpiry,812.77,ForexALLNoExpiry,Forex
2024-08-05 22:17:12,ForexALLNoExpiry,243.44,ForexALLNoExpiry,Forex
2024-04-09 08:45:22,ForexALLNoExpiry,853.78,ForexALLNoExpiry,Forex
2023-11-29 03:15:30,ForexALLNoExpiry,212.92,ForexALLNoExpiry,Forex
2024-11-24 02:30:12,ForexALLNoExpiry,546.29,ForexALLNoExpiry,Forex
2025-02-20 00:35:55,ForexALLNoExpiry,726.49,ForexALLNoExpiry,Forex
2024-06-04 14:25:17,ForexALLNoExpiry,426.11,ForexALLNoExpiry,Forex
2024-07-07 04:30:13,ForexALLNoExpiry,689.5,ForexALLNoExpiry,Forex
2024-12-23 19:22:50,ForexALLNoExpiry,907.46,ForexALLNoExpiry,Forex
2024-03-16 03:55:25,ForexALLNoExpiry,365.54,ForexALLNoExpiry,Forex
2024-07-15 04:28:43,ForexALLNoExpiry,971.88,ForexALLNoExpiry,Forex
2024-03-03 10:09:14,ForexALLNoExpiry,321.68,ForexALLNoExpiry,Forex
2024-05-19 22:14:32,ForexALLNoExpiry,607,ForexALLNoExpiry,Forex
2025-01-02 05:36:25,ForexALLNoExpiry,772.72,ForexALLNoExpiry,Forex
2024-05-28 05:46:56,ForexALLNoExpiry,451.91,ForexALLNoExpiry,Forex
2023-11-02 07:33:22,ForexALLNoExpiry,330.15,ForexALLNoExpiry,Forex
2024-10-25 04:25:55,ForexALLNoExpiry,967.12,ForexALLNoExpiry,Forex
2023-08-27 01:24:37,ForexALLNoExpiry,915.17,ForexALLNoExpiry,Forex
2024-08-24 10:10:04,ForexALLNoExpiry,619.56,ForexALLNoExpiry,Forex
2024-03-05 17:47:30,ForexALLNoExpiry,749.15,ForexALLNoExpiry,Forex
2024-08-12 18:55:03,ForexALLNoExpiry,156.44,ForexALLNoExpiry,Forex
2024-04-08 09:16:15,ForexALLNoExpiry,436.11,ForexALLNoExpiry,Forex
2024-07-06 15:44:52,ForexALLNoExpiry,826.46,ForexALLNoExpiry,Forex
2024-03-28 02:02:41,ForexALLNoExpiry,240.72,ForexALLNoExpiry,Forex
2025-02-08 06:42:29,ForexALLNoExpiry,602.82,ForexALLNoExpiry,Forex
2024-03-26 15:45:19,ForexALLNoExpiry,451.42,ForexALLNoExpiry,Forex
2024-03-13 15:17:39,ForexALLNoExpiry,610.56,ForexALLNoExpiry,Forex
2024-12-19 17:38:30,ForexALLNoExpiry,554.82,ForexALLNoExpiry,Forex
2023-12-22 07:06:49,ForexALLNoExpiry,263.67,ForexALLNoExpiry,Forex
2023-08-01 05:16:37,ForexALLNoExpiry,934.15,ForexALLNoExpiry,Forex
2023-08-13 01:04:40,ForexALLNoExpiry,197.85,ForexALLNoExpiry,Forex
2023-12-30 06:33:03,ForexALLNoExpiry,464.46,ForexALLNoExpiry,Forex
2024-11-23 10:50:25,ForexALLNoExpiry,617.69,ForexALLNoExpiry,Forex
2025-02-17 20:36:36,ForexALLNoExpiry,916.39,ForexALLNoExpiry,Forex
2023-08-26 21:42:01,ForexALLNoExpiry,964.82,ForexALLNoExpiry,Forex
2024-02-14 11:47:27,ForexALLNoExpiry,407.88,ForexALLNoExpiry,Forex
2024-01-21 01:44:56,ForexALLNoExpiry,152.48,ForexALLNoExpiry,Forex
2024-04-09 18:03:42,ForexALLNoExpiry,974.82,ForexALLNoExpiry,Forex
2023-10-16 09:54:14,ForexALLNoExpiry,852.34,ForexALLNoExpiry,Forex
2024-09-18 15:42:33,ForexALLNoExpiry,231.89,ForexALLNoExpiry,Forex
2023-10-01 10:28:22,ForexALLNoExpiry,168.83,ForexALLNoExpiry,Forex
2024-12-23 11:51:34,ForexALLNoExpiry,708.04,ForexALLNoExpiry,Forex
2024-01-05 16:40:19,ForexALLNoExpiry,200.46,ForexALLNoExpiry,Forex
2024-07-14 08:29:26,ForexALLNoExpiry,476.31,ForexALLNoExpiry,Forex
2024-06-13 21:56:47,ForexALLNoExpiry,509.52,ForexALLNoExpiry,Forex
2023-09-28 10:09:55,ForexALLNoExpiry,978.22,ForexALLNoExpiry,Forex
2024-07-26 13:59:27,ForexALLNoExpiry,561.11,ForexALLNoExpiry,Forex
2024-07-11 08:17:08,ForexALLNoExpiry,568.42,ForexALLNoExpiry,Forex
2023-06-22 04:25:10,ForexALLNoExpiry,381.15,ForexALLNoExpiry,Forex
2024-07-21 16:09:08,ForexALLNoExpiry,966.4,ForexALLNoExpiry,Forex
2024-06-23 15:52:34,ForexALLNoExpiry,674.25,ForexALLNoExpiry,Forex
2025-01-27 09:04:09,ForexALLNoExpiry,842.08,ForexALLNoExpiry,Forex
2025-01-22 11:48:12,ForexALLNoExpiry,775.96,ForexALLNoExpiry,Forex
2024-11-09 07:59:00,ForexALLNoExpiry,888.35,ForexALLNoExpiry,Forex
2023-09-07 23:21:45,ForexALLNoExpiry,809.29,ForexALLNoExpiry,Forex
2024-10-30 02:05:34,ForexALLNoExpiry,524.3,ForexALLNoExpiry,Forex
2024-10-09 03:36:01,ForexALLNoExpiry,172.81,ForexALLNoExpiry,Forex
2024-12-03 23:31:24,ForexALLNoExpiry,562.23,ForexALLNoExpiry,Forex
2024-10-15 04:42:47,ForexALLNoExpiry,129.15,ForexALLNoExpiry,Forex
2025-01-23 11:52:32,ForexALLNoExpiry,430.73,ForexALLNoExpiry,Forex
2023-08-19 08:24:24,ForexALLNoExpiry,132.84,ForexALLNoExpiry,Forex
2024-08-19 07:19:08,ForexALLNoExpiry,984.33,ForexALLNoExpiry,Forex
2024-08-04 16:07:31,ForexALLNoExpiry,575.4,ForexALLNoExpiry,Forex
2024-10-25 10:23:33,ForexALLNoExpiry,207.93,ForexALLNoExpiry,Forex
2024-07-17 14:56:53,ForexALLNoExpiry,673.2,ForexALLNoExpiry,Forex
2024-09-15 18:25:33,ForexALLNoExpiry,714.76,ForexALLNoExpiry,Forex
2024-10-04 09:00:39,ForexALLNoExpiry,746.73,ForexALLNoExpiry,Forex
2023-07-27 07:02:56,ForexALLNoExpiry,876.51,ForexALLNoExpiry,Forex
2024-09-22 18:03:59,ForexALLNoExpiry,364.24,ForexALLNoExpiry,Forex
2023-06-20 17:51:35,ForexALLNoExpiry,717.12,ForexALLNoExpiry,Forex
2023-08-16 15:00:52,ForexALLNoExpiry,837.89,ForexALLNoExpiry,Forex
2024-10-20 19:37:41,ForexALLNoExpiry,334.07,ForexALLNoExpiry,Forex
2024-09-17 17:29:20,ForexALLNoExpiry,418.76,ForexALLNoExpiry,Forex
2024-11-25 05:07:11,ForexALLNoExpiry,359.67,ForexALLNoExpiry,Forex
2024-04-19 12:51:11,ForexALLNoExpiry,650.86,ForexALLNoExpiry,Forex
2024-12-13 11:36:36,ForexALLNoExpiry,552.82,ForexALLNoExpiry,Forex
2025-02-21 09:54:42,ForexALLNoExpiry,803.41,ForexALLNoExpiry,Forex
2025-02-07 12:20:57,ForexALLNoExpiry,272.53,ForexALLNoExpiry,Forex
2023-12-09 11:44:42,ForexALLNoExpiry,930.98,ForexALLNoExpiry,Forex
2024-04-10 05:24:34,ForexALLNoExpiry,764.38,ForexALLNoExpiry,Forex
2024-01-13 12:24:46,ForexALLNoExpiry,891.32,ForexALLNoExpiry,Forex
2023-12-06 22:17:06,ForexALLNoExpiry,321.67,ForexALLNoExpiry,Forex
2024-06-03 19:54:51,ForexALLNoExpiry,871.52,ForexALLNoExpiry,Forex
2024-10-18 08:33:32,ForexALLNoExpiry,900.89,ForexALLNoExpiry,Forex
2024-01-29 12:57:27,ForexALLNoExpiry,863.23,ForexALLNoExpiry,Forex
2024-10-30 17:49:53,ForexALLNoExpiry,912.55,ForexALLNoExpiry,Forex
2023-11-30 04:46:40,ForexALLNoExpiry,718.39,ForexALLNoExpiry,Forex
2024-02-19 14:48:46,ForexALLNoExpiry,967.99,ForexALLNoExpiry,Forex
2024-01-01 13:01:49,ForexALLNoExpiry,595.04,ForexALLNoExpiry,Forex
2024-02-11 08:55:43,ForexALLNoExpiry,576.68,ForexALLNoExpiry,Forex
2024-06-04 18:09:41,ForexALLNoExpiry,525.47,ForexALLNoExpiry,Forex
2023-07-24 18:41:14,ForexALLNoExpiry,633.13,ForexALLNoExpiry,Forex
2023-07-29 06:10:47,ForexALLNoExpiry,880.2,ForexALLNoExpiry,Forex
2024-12-08 11:22:14,ForexALLNoExpiry,261.15,ForexALLNoExpiry,Forex
2025-01-27 01:25:27,ForexALLNoExpiry,717.02,ForexALLNoExpiry,Forex
2024-08-27 07:14:26,ForexALLNoExpiry,182.03,ForexALLNoExpiry,Forex
2024-03-12 04:10:08,ForexALLNoExpiry,871.65,ForexALLNoExpiry,Forex
2023-12-21 11:31:34,ForexALLNoExpiry,128.45,ForexALLNoExpiry,Forex
2025-02-10 20:02:11,ForexALLNoExpiry,128,ForexALLNoExpiry,Forex
2024-05-09 12:57:57,ForexALLNoExpiry,809.68,ForexALLNoExpiry,Forex
2023-06-25 06:09:47,ForexALLNoExpiry,734.5,ForexALLNoExpiry,Forex
2024-04-29 00:30:31,ForexALLNoExpiry,245.03,ForexALLNoExpiry,Forex
2024-07-14 04:44:56,ForexALLNoExpiry,836.47,ForexALLNoExpiry,Forex
2024-04-10 05:52:16,ForexALLNoExpiry,425.83,ForexALLNoExpiry,Forex
2024-05-12 07:46:34,ForexALLNoExpiry,274.01,ForexALLNoExpiry,Forex
2024-01-21 23:49:08,ForexALLNoExpiry,157.03,ForexALLNoExpiry,Forex
2024-08-16 03:34:55,ForexALLNoExpiry,507.66,ForexALLNoExpiry,Forex
2023-09-21 01:43:12,ForexALLNoExpiry,808.4,ForexALLNoExpiry,Forex
2024-06-23 20:10:47,ForexALLNoExpiry,165.59,ForexALLNoExpiry,Forex
2023-09-19 19:29:24,ForexALLNoExpiry,686.22,ForexALLNoExpiry,Forex
2024-06-26 03:48:49,ForexALLNoExpiry,108.43,ForexALLNoExpiry,Forex
2024-07-15 06:51:56,ForexALLNoExpiry,169.11,ForexALLNoExpiry,Forex
2024-03-22 18:24:02,ForexALLNoExpiry,423.56,ForexALLNoExpiry,Forex
2023-08-28 07:59:12,ForexALLNoExpiry,612.68,ForexALLNoExpiry,Forex
2023-09-27 12:15:31,ForexALLNoExpiry,426.52,ForexALLNoExpiry,Forex
2025-02-04 18:03:04,ForexALLNoExpiry,574.9,ForexALLNoExpiry,Forex
2024-08-23 10:49:15,ForexALLNoExpiry,120.11,ForexALLNoExpiry,Forex
2023-12-19 21:28:00,ForexALLNoExpiry,578.9,ForexALLNoExpiry,Forex
2023-09-30 06:02:14,ForexALLNoExpiry,142.34,ForexALLNoExpiry,Forex
2025-03-03 20:01:10,ForexALLNoExpiry,426.31,ForexALLNoExpiry,Forex
2023-07-20 15:15:13,ForexALLNoExpiry,308.22,ForexALLNoExpiry,Forex
2025-01-03 15:23:41,ForexALLNoExpiry,787.05,ForexALLNoExpiry,Forex
2024-10-26 18:44:58,ForexALLNoExpiry,795.86,ForexALLNoExpiry,Forex
2023-08-11 12:09:47,ForexALLNoExpiry,294.17,ForexALLNoExpiry,Forex
2024-04-24 09:40:34,ForexALLNoExpiry,417.28,ForexALLNoExpiry,Forex
2023-11-11 19:54:07,ForexALLNoExpiry,986.8,ForexALLNoExpiry,Forex
2024-06-13 02:35:23,ForexALLNoExpiry,305.84,ForexALLNoExpiry,Forex
2023-10-08 09:23:09,ForexALLNoExpiry,596.28,ForexALLNoExpiry,Forex
2025-02-01 11:48:19,ForexALLNoExpiry,440.25,ForexALLNoExpiry,Forex
2024-02-20 22:30:30,ForexALLNoExpiry,438.3,ForexALLNoExpiry,Forex
2024-05-15 10:41:51,ForexALLNoExpiry,696.53,ForexALLNoExpiry,Forex
2023-09-10 17:38:01,ForexALLNoExpiry,715.8,ForexALLNoExpiry,Forex
2024-12-03 06:15:45,ForexALLNoExpiry,127.74,ForexALLNoExpiry,Forex
2024-05-09 10:22:14,ForexALLNoExpiry,503.83,ForexALLNoExpiry,Forex
2023-10-24 02:42:08,ForexALLNoExpiry,575.14,ForexALLNoExpiry,Forex
2024-07-15 06:46:59,ForexALLNoExpiry,634.44,ForexALLNoExpiry,Forex
2024-09-22 17:04:33,ForexALLNoExpiry,575.78,ForexALLNoExpiry,Forex
2023-09-10 22:38:58,ForexALLNoExpiry,831.03,ForexALLNoExpiry,Forex
2025-02-01 06:55:40,ForexALLNoExpiry,150.94,ForexALLNoExpiry,Forex
2024-02-03 06:39:23,ForexALLNoExpiry,392.99,ForexALLNoExpiry,Forex
2025-01-15 13:05:52,ForexALLNoExpiry,873.28,ForexALLNoExpiry,Forex
2024-06-10 11:36:44,ForexALLNoExpiry,603.68,ForexALLNoExpiry,Forex
2024-11-12 02:50:15,ForexALLNoExpiry,948.56,ForexALLNoExpiry,Forex
2025-02-23 00:28:29,ForexALLNoExpiry,433.89,ForexALLNoExpiry,Forex
2023-10-26 08:53:02,ForexALLNoExpiry,718.98,ForexALLNoExpiry,Forex
2024-07-12 09:35:04,ForexALLNoExpiry,807.85,ForexALLNoExpiry,Forex
2024-02-16 14:03:57,ForexALLNoExpiry,756.68,ForexALLNoExpiry,Forex
2024-05-04 00:51:09,ForexALLNoExpiry,308.57,ForexALLNoExpiry,Forex
2024-03-12 09:25:13,ForexALLNoExpiry,523.77,ForexALLNoExpiry,Forex
2025-02-19 23:27:17,ForexALLNoExpiry,417.53,ForexALLNoExpiry,Forex
2024-01-08 20:08:34,ForexALLNoExpiry,289.66,ForexALLNoExpiry,Forex
2025-01-29 11:50:23,ForexALLNoExpiry,704.4,ForexALLNoExpiry,Forex
2025-02-04 22:44:30,ForexALLNoExpiry,229.57,ForexALLNoExpiry,Forex
2024-02-26 18:57:14,ForexALLNoExpiry,453.65,ForexALLNoExpiry,Forex
2025-01-06 23:23:23,ForexALLNoExpiry,132.29,ForexALLNoExpiry,Forex
2024-08-09 19:00:39,ForexALLNoExpiry,358.54,ForexALLNoExpiry,Forex
2023-08-28 21:22:52,ForexALLNoExpiry,787.19,ForexALLNoExpiry,Forex
2024-01-21 02:13:18,ForexALLNoExpiry,579,ForexALLNoExpiry,Forex
2024-07-18 17:33:07,ForexALLNoExpiry,151.48,ForexALLNoExpiry,Forex
2024-01-23 12:38:31,ForexALLNoExpiry,374.58,ForexALLNoExpiry,Forex
2025-02-19 01:11:16,ForexALLNoExpiry,239.3,ForexALLNoExpiry,Forex
2024-09-19 04:45:22,ForexALLNoExpiry,964.05,ForexALLNoExpiry,Forex
2024-07-28 06:33:01,ForexALLNoExpiry,337.43,ForexALLNoExpiry,Forex
2024-11-04 13:01:59,ForexALLNoExpiry,385.92,ForexALLNoExpiry,Forex
2024-05-01 03:55:51,ForexALLNoExpiry,644.24,ForexALLNoExpiry,Forex
2024-05-05 07:56:26,ForexALLNoExpiry,897.38,ForexALLNoExpiry,Forex
2024-08-09 21:49:56,ForexALLNoExpiry,593.99,ForexALLNoExpiry,Forex
2024-06-13 07:16:55,ForexALLNoExpiry,765.96,ForexALLNoExpiry,Forex
2023-09-12 09:42:48,ForexALLNoExpiry,226.71,ForexALLNoExpiry,Forex
2024-08-25 10:08:30,ForexALLNoExpiry,964.13,ForexALLNoExpiry,Forex
2024-06-13 09:46:46,ForexALLNoExpiry,394.11,ForexALLNoExpiry,Forex
2024-04-17 15:33:35,ForexALLNoExpiry,651.18,ForexALLNoExpiry,Forex
2024-04-18 20:03:00,ForexALLNoExpiry,646.86,ForexALLNoExpiry,Forex
2023-06-23 23:31:42,ForexALLNoExpiry,221.52,ForexALLNoExpiry,Forex
2023-09-17 10:45:38,ForexALLNoExpiry,447.08,ForexALLNoExpiry,Forex
2025-01-01 01:25:51,ForexALLNoExpiry,570.88,ForexALLNoExpiry,Forex
2023-09-04 03:41:36,ForexALLNoExpiry,189.6,ForexALLNoExpiry,Forex
2024-03-23 12:34:19,ForexALLNoExpiry,349,ForexALLNoExpiry,Forex
2024-07-05 01:23:30,ForexALLNoExpiry,737.24,ForexALLNoExpiry,Forex
2024-04-03 19:45:37,ForexALLNoExpiry,431.74,ForexALLNoExpiry,Forex
2024-03-24 17:31:12,ForexALLNoExpiry,404.64,ForexALLNoExpiry,Forex
2024-02-22 16:26:08,ForexALLNoExpiry,193.62,ForexALLNoExpiry,Forex
2024-10-10 06:14:24,ForexALLNoExpiry,130.73,ForexALLNoExpiry,Forex
2024-08-08 17:40:58,ForexALLNoExpiry,365.88,ForexALLNoExpiry,Forex
2024-08-22 19:48:35,ForexALLNoExpiry,493.03,ForexALLNoExpiry,Forex
2024-06-12 08:26:42,ForexALLNoExpiry,373.32,ForexALLNoExpiry,Forex
2023-09-25 14:47:16,ForexALLNoExpiry,870.82,ForexALLNoExpiry,Forex
2023-08-03 22:03:54,ForexALLNoExpiry,212.77,ForexALLNoExpiry,Forex
2023-08-21 08:03:49,ForexALLNoExpiry,608.04,ForexALLNoExpiry,Forex
2024-08-25 20:20:39,ForexALLNoExpiry,855.18,ForexALLNoExpiry,Forex
2024-01-02 11:31:35,ForexALLNoExpiry,567.55,ForexALLNoExpiry,Forex
2024-07-23 21:18:55,ForexALLNoExpiry,910.09,ForexALLNoExpiry,Forex
2024-01-11 18:00:25,ForexALLNoExpiry,367.4,ForexALLNoExpiry,Forex
2024-07-16 20:24:47,ForexALLNoExpiry,657.58,ForexALLNoExpiry,Forex
2023-09-17 21:46:16,ForexALLNoExpiry,753.76,ForexALLNoExpiry,Forex
2023-10-31 04:46:26,ForexALLNoExpiry,237.2,ForexALLNoExpiry,Forex
2024-05-25 11:32:09,ForexALLNoExpiry,145.66,ForexALLNoExpiry,Forex
2023-06-26 07:54:20,ForexALLNoExpiry,164.21,ForexALLNoExpiry,Forex
2024-04-29 17:33:07,ForexALLNoExpiry,935.07,ForexALLNoExpiry,Forex
2024-11-20 06:15:24,ForexALLNoExpiry,918.57,ForexALLNoExpiry,Forex
2023-12-11 03:42:28,ForexALLNoExpiry,941.52,ForexALLNoExpiry,Forex
2025-02-19 22:45:24,ForexALLNoExpiry,552.34,ForexALLNoExpiry,Forex
2025-02-24 02:43:27,ForexALLNoExpiry,576.32,ForexALLNoExpiry,Forex
2024-04-26 21:31:02,ForexALLNoExpiry,678.12,ForexALLNoExpiry,Forex
2024-10-15 03:42:57,ForexALLNoExpiry,169.83,ForexALLNoExpiry,Forex
2024-01-21 17:19:41,ForexALLNoExpiry,216.06,ForexALLNoExpiry,Forex
2024-12-02 22:04:59,ForexALLNoExpiry,577.31,ForexALLNoExpiry,Forex
2023-09-07 12:11:52,ForexALLNoExpiry,386.27,ForexALLNoExpiry,Forex
2024-09-30 01:53:04,ForexALLNoExpiry,685.28,ForexALLNoExpiry,Forex
2024-08-31 08:25:24,ForexALLNoExpiry,105.03,ForexALLNoExpiry,Forex
2024-07-14 01:05:27,ForexALLNoExpiry,427.74,ForexALLNoExpiry,Forex
2024-09-30 00:34:04,ForexALLNoExpiry,547.67,ForexALLNoExpiry,Forex
2024-12-10 11:32:30,ForexALLNoExpiry,521.41,ForexALLNoExpiry,Forex
2023-09-02 13:01:28,ForexALLNoExpiry,216.98,ForexALLNoExpiry,Forex
2023-06-17 08:57:50,ForexALLNoExpiry,944.18,ForexALLNoExpiry,Forex
2025-02-21 17:00:28,ForexALLNoExpiry,206.29,ForexALLNoExpiry,Forex
2023-10-06 00:26:19,ForexALLNoExpiry,185.31,ForexALLNoExpiry,Forex
2023-09-29 20:41:54,ForexALLNoExpiry,996.12,ForexALLNoExpiry,Forex
2024-06-09 09:28:29,ForexALLNoExpiry,249.29,ForexALLNoExpiry,Forex
2023-08-01 07:26:32,ForexALLNoExpiry,651.42,ForexALLNoExpiry,Forex
2024-11-10 07:16:26,ForexALLNoExpiry,293.95,ForexALLNoExpiry,Forex
2023-12-09 04:52:42,ForexALLNoExpiry,113.91,ForexALLNoExpiry,Forex
2024-08-08 01:32:00,ForexALLNoExpiry,701.16,ForexALLNoExpiry,Forex
2023-07-14 01:15:22,ForexALLNoExpiry,914.57,ForexALLNoExpiry,Forex
2024-12-14 20:26:27,ForexALLNoExpiry,241.49,ForexALLNoExpiry,Forex
2024-04-29 00:22:54,ForexALLNoExpiry,754.99,ForexALLNoExpiry,Forex
2024-04-01 09:26:30,ForexALLNoExpiry,899.05,ForexALLNoExpiry,Forex
2023-06-29 23:40:21,ForexALLNoExpiry,376.22,ForexALLNoExpiry,Forex
2023-10-11 19:53:34,ForexALLNoExpiry,566.31,ForexALLNoExpiry,Forex
2023-11-16 12:11:35,ForexALLNoExpiry,343.7,ForexALLNoExpiry,Forex
2024-02-25 04:42:57,ForexALLNoExpiry,589.54,ForexALLNoExpiry,Forex
2024-05-12 02:50:57,ForexALLNoExpiry,698.66,ForexALLNoExpiry,Forex
2024-12-16 03:06:12,ForexALLNoExpiry,329.42,ForexALLNoExpiry,Forex
2024-06-25 14:03:30,ForexALLNoExpiry,254.2,ForexALLNoExpiry,Forex
2024-02-10 23:18:12,ForexALLNoExpiry,706.83,ForexALLNoExpiry,Forex
2024-06-25 02:41:07,ForexALLNoExpiry,391.27,ForexALLNoExpiry,Forex
2024-03-28 06:37:16,ForexALLNoExpiry,830.68,ForexALLNoExpiry,Forex
2024-01-20 07:54:28,ForexALLNoExpiry,789.53,ForexALLNoExpiry,Forex
2024-07-04 23:02:32,ForexALLNoExpiry,871.97,ForexALLNoExpiry,Forex
2024-06-03 14:23:40,ForexALLNoExpiry,829.25,ForexALLNoExpiry,Forex
2023-08-01 09:34:01,ForexALLNoExpiry,969.78,ForexALLNoExpiry,Forex
2024-05-03 01:09:00,ForexALLNoExpiry,685.44,ForexALLNoExpiry,Forex
2024-09-04 07:05:22,ForexALLNoExpiry,505.14,ForexALLNoExpiry,Forex
2024-11-22 16:29:15,ForexALLNoExpiry,459.59,ForexALLNoExpiry,Forex
2024-04-30 18:38:35,ForexALLNoExpiry,497.67,ForexALLNoExpiry,Forex
2024-06-24 21:20:18,ForexALLNoExpiry,377.86,ForexALLNoExpiry,Forex
2023-10-08 03:55:34,ForexALLNoExpiry,419.84,ForexALLNoExpiry,Forex
2024-04-03 16:30:27,ForexALLNoExpiry,856.18,ForexALLNoExpiry,Forex
2024-02-04 05:28:10,ForexALLNoExpiry,701.67,ForexALLNoExpiry,Forex
2024-12-20 17:51:38,ForexALLNoExpiry,259.68,ForexALLNoExpiry,Forex
2024-12-11 07:18:46,ForexALLNoExpiry,796.47,ForexALLNoExpiry,Forex
2023-08-23 02:52:48,ForexALLNoExpiry,371.97,ForexALLNoExpiry,Forex
2024-03-04 07:48:46,ForexALLNoExpiry,979.59,ForexALLNoExpiry,Forex
2024-12-21 08:53:21,ForexALLNoExpiry,317.7,ForexALLNoExpiry,Forex
2023-10-09 08:58:23,ForexALLNoExpiry,252.67,ForexALLNoExpiry,Forex
2024-03-20 18:46:47,ForexALLNoExpiry,151.26,ForexALLNoExpiry,Forex
2024-04-28 13:42:18,ForexALLNoExpiry,604.62,ForexALLNoExpiry,Forex
2023-08-30 14:13:48,ForexALLNoExpiry,869.08,ForexALLNoExpiry,Forex
2024-01-16 17:30:14,ForexALLNoExpiry,778.09,ForexALLNoExpiry,Forex
2024-01-27 23:04:37,ForexALLNoExpiry,892.95,ForexALLNoExpiry,Forex
2024-06-17 01:09:57,ForexALLNoExpiry,495.64,ForexALLNoExpiry,Forex
2024-02-07 12:44:58,ForexALLNoExpiry,431.56,ForexALLNoExpiry,Forex
2024-04-29 03:01:02,ForexALLNoExpiry,306.91,ForexALLNoExpiry,Forex
2025-03-01 23:28:32,ForexALLNoExpiry,247.61,ForexALLNoExpiry,Forex
2023-09-13 11:31:30,ForexALLNoExpiry,179.99,ForexALLNoExpiry,Forex
2023-09-22 00:00:36,ForexALLNoExpiry,443.07,ForexALLNoExpiry,Forex
2024-06-19 03:16:03,ForexALLNoExpiry,235.43,ForexALLNoExpiry,Forex
2023-09-17 22:24:54,ForexALLNoExpiry,288.51,ForexALLNoExpiry,Forex
2023-06-21 09:23:24,ForexALLNoExpiry,786.98,ForexALLNoExpiry,Forex
2023-10-20 15:47:39,ForexALLNoExpiry,777.2,ForexALLNoExpiry,Forex
2024-08-08 18:06:35,ForexALLNoExpiry,324.83,ForexALLNoExpiry,Forex
2024-11-04 03:38:12,ForexALLNoExpiry,470.37,ForexALLNoExpiry,Forex
2024-05-06 15:02:10,ForexALLNoExpiry,751.15,ForexALLNoExpiry,Forex
2024-09-17 08:31:16,ForexALLNoExpiry,915.11,ForexALLNoExpiry,Forex
2024-02-05 00:46:41,ForexALLNoExpiry,989.42,ForexALLNoExpiry,Forex
2023-11-16 02:57:54,ForexALLNoExpiry,580.1,ForexALLNoExpiry,Forex
2024-11-15 07:36:52,ForexALLNoExpiry,385.17,ForexALLNoExpiry,Forex
2025-01-22 06:24:49,ForexALLNoExpiry,372.62,ForexALLNoExpiry,Forex
2023-09-27 05:16:55,ForexALLNoExpiry,827.48,ForexALLNoExpiry,Forex
2024-10-28 05:42:05,ForexALLNoExpiry,980.55,ForexALLNoExpiry,Forex
2024-02-07 20:21:46,ForexALLNoExpiry,757.09,ForexALLNoExpiry,Forex
2024-03-29 10:50:23,ForexALLNoExpiry,908.76,ForexALLNoExpiry,Forex
2024-09-06 22:00:50,ForexALLNoExpiry,209.05,ForexALLNoExpiry,Forex
2024-01-01 08:36:37,ForexALLNoExpiry,450.24,ForexALLNoExpiry,Forex
2024-10-20 06:59:51,ForexALLNoExpiry,839.21,ForexALLNoExpiry,Forex
2024-03-30 21:49:43,ForexALLNoExpiry,504.79,ForexALLNoExpiry,Forex
2023-07-24 01:00:30,ForexALLNoExpiry,929.48,ForexALLNoExpiry,Forex
2025-01-13 01:34:00,ForexALLNoExpiry,274.83,ForexALLNoExpiry,Forex
2023-08-23 14:06:53,ForexALLNoExpiry,963.85,ForexALLNoExpiry,Forex
2024-09-27 13:47:09,ForexALLNoExpiry,264.59,ForexALLNoExpiry,Forex
2024-09-07 04:20:32,ForexALLNoExpiry,935.38,ForexALLNoExpiry,Forex
2024-04-09 02:37:30,ForexALLNoExpiry,566.37,ForexALLNoExpiry,Forex
2024-01-12 02:41:49,ForexALLNoExpiry,167.02,ForexALLNoExpiry,Forex
2025-02-02 13:09:39,ForexALLNoExpiry,527.67,ForexALLNoExpiry,Forex
2024-12-05 18:45:07,ForexALLNoExpiry,750.95,ForexALLNoExpiry,Forex
2024-05-13 13:21:55,ForexALLNoExpiry,336.85,ForexALLNoExpiry,Forex
2023-10-16 08:28:58,ForexALLNoExpiry,441.31,ForexALLNoExpiry,Forex
2023-08-26 07:36:48,ForexALLNoExpiry,742.15,ForexALLNoExpiry,Forex
2024-03-04 01:41:20,ForexALLNoExpiry,554.17,ForexALLNoExpiry,Forex
2024-08-28 14:47:43,ForexALLNoExpiry,582.9,ForexALLNoExpiry,Forex
2024-05-03 02:39:10,ForexALLNoExpiry,174.75,ForexALLNoExpiry,Forex
2024-02-17 10:45:43,ForexALLNoExpiry,568.4,ForexALLNoExpiry,Forex
2024-06-22 07:59:08,ForexALLNoExpiry,566.46,ForexALLNoExpiry,Forex
2024-12-24 20:04:32,ForexALLNoExpiry,888.51,ForexALLNoExpiry,Forex
2023-11-09 23:49:12,ForexALLNoExpiry,329.95,ForexALLNoExpiry,Forex
2024-06-22 13:17:12,ForexALLNoExpiry,826.79,ForexALLNoExpiry,Forex
2025-02-16 19:15:28,ForexALLNoExpiry,853.38,ForexALLNoExpiry,Forex
2023-11-06 04:25:26,ForexALLNoExpiry,793.9,ForexALLNoExpiry,Forex
2024-07-29 22:37:00,ForexALLNoExpiry,370.06,ForexALLNoExpiry,Forex
2023-08-22 07:45:34,ForexALLNoExpiry,474,ForexALLNoExpiry,Forex
2024-09-12 10:36:02,ForexALLNoExpiry,912.56,ForexALLNoExpiry,Forex
2024-08-16 09:37:36,ForexALLNoExpiry,220.29,ForexALLNoExpiry,Forex
2023-07-09 05:23:43,ForexALLNoExpiry,339.38,ForexALLNoExpiry,Forex
2023-12-22 02:40:37,ForexALLNoExpiry,618.65,ForexALLNoExpiry,Forex
2025-01-10 11:25:39,ForexALLNoExpiry,972.95,ForexALLNoExpiry,Forex
2023-07-26 04:58:40,ForexALLNoExpiry,880.86,ForexALLNoExpiry,Forex
2023-09-08 06:47:49,ForexALLNoExpiry,519.81,ForexALLNoExpiry,Forex
2024-06-07 23:41:34,ForexALLNoExpiry,760.43,ForexALLNoExpiry,Forex
2024-10-04 11:22:05,ForexALLNoExpiry,767.94,ForexALLNoExpiry,Forex
2023-08-12 06:13:28,ForexALLNoExpiry,273.67,ForexALLNoExpiry,Forex
2023-10-02 07:18:19,ForexALLNoExpiry,134.87,ForexALLNoExpiry,Forex
2024-04-11 02:18:44,ForexALLNoExpiry,523.49,ForexALLNoExpiry,Forex
2023-12-09 19:52:16,ForexALLNoExpiry,996.09,ForexALLNoExpiry,Forex
2024-01-20 08:54:12,ForexALLNoExpiry,318.56,ForexALLNoExpiry,Forex
2024-05-05 05:38:07,ForexALLNoExpiry,833.99,ForexALLNoExpiry,Forex
2024-05-20 07:07:36,ForexALLNoExpiry,553.38,ForexALLNoExpiry,Forex
2023-08-02 20:47:45,ForexALLNoExpiry,908.09,ForexALLNoExpiry,Forex
2024-05-19 21:50:16,ForexALLNoExpiry,501.09,ForexALLNoExpiry,Forex
2024-11-23 17:35:26,ForexALLNoExpiry,817.3,ForexALLNoExpiry,Forex
2024-08-24 13:43:48,ForexALLNoExpiry,643.53,ForexALLNoExpiry,Forex
2023-11-21 07:02:01,ForexALLNoExpiry,763.85,ForexALLNoExpiry,Forex
2024-11-27 11:02:27,ForexALLNoExpiry,734.35,ForexALLNoExpiry,Forex
2024-04-03 07:13:05,ForexALLNoExpiry,763.12,ForexALLNoExpiry,Forex
2024-10-29 22:07:07,ForexALLNoExpiry,295.78,ForexALLNoExpiry,Forex
2023-08-15 13:06:40,ForexALLNoExpiry,497.14,ForexALLNoExpiry,Forex
2024-08-12 13:59:43,ForexALLNoExpiry,873.15,ForexALLNoExpiry,Forex
2024-03-18 01:35:46,ForexALLNoExpiry,356.81,ForexALLNoExpiry,Forex
2024-12-23 03:44:23,ForexALLNoExpiry,117.56,ForexALLNoExpiry,Forex
2025-02-15 18:45:10,ForexALLNoExpiry,710.74,ForexALLNoExpiry,Forex
2024-05-24 05:16:17,ForexALLNoExpiry,979.75,ForexALLNoExpiry,Forex
2023-08-22 02:06:51,ForexALLNoExpiry,606.86,ForexALLNoExpiry,Forex
2025-01-14 16:36:09,ForexALLNoExpiry,731.38,ForexALLNoExpiry,Forex
2024-11-16 08:20:30,ForexALLNoExpiry,620.91,ForexALLNoExpiry,Forex
2025-03-02 21:45:16,ForexALLNoExpiry,851.26,ForexALLNoExpiry,Forex
2025-01-23 10:34:28,ForexALLNoExpiry,273.83,ForexALLNoExpiry,Forex
2023-06-22 17:08:57,ForexALLNoExpiry,337.92,ForexALLNoExpiry,Forex
2023-10-02 11:54:58,ForexALLNoExpiry,518,ForexALLNoExpiry,Forex
2023-07-26 08:37:24,ForexALLNoExpiry,402.48,ForexALLNoExpiry,Forex
2024-10-08 00:40:50,ForexALLNoExpiry,353.98,ForexALLNoExpiry,Forex
2024-12-21 08:46:45,ForexALLNoExpiry,917.79,ForexALLNoExpiry,Forex
2025-01-03 03:03:05,ForexALLNoExpiry,665.27,ForexALLNoExpiry,Forex
2024-04-11 00:27:53,ForexALLNoExpiry,573.76,ForexALLNoExpiry,Forex
2024-04-29 20:10:19,ForexALLNoExpiry,364.07,ForexALLNoExpiry,Forex
2024-10-09 18:09:44,ForexALLNoExpiry,303.88,ForexALLNoExpiry,Forex
2025-02-02 17:06:05,ForexALLNoExpiry,797.25,ForexALLNoExpiry,Forex
2023-07-07 03:32:43,ForexALLNoExpiry,515.86,ForexALLNoExpiry,Forex
2023-06-16 06:47:49,ForexALLNoExpiry,536.65,ForexALLNoExpiry,Forex
2023-11-20 13:30:41,ForexALLNoExpiry,562.25,ForexALLNoExpiry,Forex
2024-07-27 19:42:30,ForexALLNoExpiry,638.25,ForexALLNoExpiry,Forex
2024-03-03 03:50:56,ForexALLNoExpiry,668.12,ForexALLNoExpiry,Forex
2023-09-10 11:21:02,ForexALLNoExpiry,276.87,ForexALLNoExpiry,Forex
2023-10-13 19:41:33,ForexALLNoExpiry,387.97,ForexALLNoExpiry,Forex
2024-08-21 21:52:44,ForexALLNoExpiry,621.29,ForexALLNoExpiry,Forex
2023-08-13 03:38:09,ForexALLNoExpiry,827.7,ForexALLNoExpiry,Forex
2023-11-15 15:13:05,ForexALLNoExpiry,684.24,ForexALLNoExpiry,Forex
2024-12-22 18:07:52,ForexALLNoExpiry,967.1,ForexALLNoExpiry,Forex
2024-01-14 22:39:49,ForexALLNoExpiry,438.4,ForexALLNoExpiry,Forex
2023-11-19 21:02:35,ForexALLNoExpiry,157.61,ForexALLNoExpiry,Forex
2024-06-17 08:39:33,ForexALLNoExpiry,722.05,ForexALLNoExpiry,Forex
2023-07-21 03:10:34,ForexALLNoExpiry,955.31,ForexALLNoExpiry,Forex
2024-04-30 04:05:59,ForexALLNoExpiry,665.57,ForexALLNoExpiry,Forex
2024-08-20 05:47:06,ForexALLNoExpiry,198.14,ForexALLNoExpiry,Forex
2024-10-23 16:38:35,ForexALLNoExpiry,838.97,ForexALLNoExpiry,Forex
2023-12-05 03:26:11,ForexALLNoExpiry,215.52,ForexALLNoExpiry,Forex
2023-08-19 19:17:02,ForexALLNoExpiry,872.58,ForexALLNoExpiry,Forex
2024-12-22 00:00:47,ForexALLNoExpiry,409.71,ForexALLNoExpiry,Forex
2024-10-07 10:41:54,ForexALLNoExpiry,914.83,ForexALLNoExpiry,Forex
2024-10-17 06:22:30,ForexALLNoExpiry,138.82,ForexALLNoExpiry,Forex
2024-12-19 11:40:06,ForexALLNoExpiry,821.41,ForexALLNoExpiry,Forex
2024-08-03 21:52:34,ForexALLNoExpiry,234.9,ForexALLNoExpiry,Forex
2024-08-24 17:19:19,ForexALLNoExpiry,975.69,ForexALLNoExpiry,Forex
2025-01-08 10:04:02,ForexALLNoExpiry,558.19,ForexALLNoExpiry,Forex
2024-02-29 00:13:48,ForexALLNoExpiry,162.88,ForexALLNoExpiry,Forex
2023-08-01 12:30:58,ForexALLNoExpiry,323.01,ForexALLNoExpiry,Forex
2024-06-14 09:13:48,ForexALLNoExpiry,176.97,ForexALLNoExpiry,Forex
2024-12-09 00:02:13,ForexALLNoExpiry,846.16,ForexALLNoExpiry,Forex
2023-10-09 13:37:09,ForexALLNoExpiry,453.93,ForexALLNoExpiry,Forex
2024-11-15 13:44:11,ForexALLNoExpiry,686.8,ForexALLNoExpiry,Forex
2024-07-10 07:20:01,ForexALLNoExpiry,952.16,ForexALLNoExpiry,Forex
2024-03-04 22:45:46,ForexALLNoExpiry,657.29,ForexALLNoExpiry,Forex
2023-07-07 19:27:02,ForexALLNoExpiry,314.25,ForexALLNoExpiry,Forex
2024-06-10 23:14:45,ForexALLNoExpiry,792.15,ForexALLNoExpiry,Forex
2024-02-28 10:04:29,ForexALLNoExpiry,506.65,ForexALLNoExpiry,Forex
2024-03-13 06:15:29,ForexALLNoExpiry,550.17,ForexALLNoExpiry,Forex
2024-11-20 13:51:06,ForexALLNoExpiry,712.75,ForexALLNoExpiry,Forex
2023-09-03 02:14:10,ForexALLNoExpiry,911.59,ForexALLNoExpiry,Forex
2023-09-02 23:40:22,ForexALLNoExpiry,555.56,ForexALLNoExpiry,Forex
2024-02-20 03:11:50,ForexALLNoExpiry,661.36,ForexALLNoExpiry,Forex
2024-12-26 07:26:18,ForexALLNoExpiry,193.06,ForexALLNoExpiry,Forex
2024-08-31 20:30:17,ForexALLNoExpiry,291.49,ForexALLNoExpiry,Forex
2024-03-24 20:38:37,ForexALLNoExpiry,667.12,ForexALLNoExpiry,Forex
2025-02-27 07:26:53,ForexALLNoExpiry,935.22,ForexALLNoExpiry,Forex
2024-10-16 07:20:48,ForexALLNoExpiry,327.23,ForexALLNoExpiry,Forex
2024-11-16 15:15:01,ForexALLNoExpiry,469.72,ForexALLNoExpiry,Forex
2024-10-02 11:50:08,ForexALLNoExpiry,255.08,ForexALLNoExpiry,Forex
2023-06-24 20:52:31,ForexALLNoExpiry,733.68,ForexALLNoExpiry,Forex
2024-01-26 06:29:28,ForexALLNoExpiry,960.88,ForexALLNoExpiry,Forex
2024-09-16 12:29:22,ForexALLNoExpiry,611.16,ForexALLNoExpiry,Forex
2024-10-17 23:55:03,ForexALLNoExpiry,155.02,ForexALLNoExpiry,Forex
2024-11-12 08:55:01,ForexALLNoExpiry,201.58,ForexALLNoExpiry,Forex
2023-10-13 20:08:19,ForexALLNoExpiry,932.76,ForexALLNoExpiry,Forex
2023-10-02 16:11:22,ForexALLNoExpiry,852.25,ForexALLNoExpiry,Forex
2024-07-04 00:51:59,ForexALLNoExpiry,100.65,ForexALLNoExpiry,Forex
2024-07-18 06:36:05,ForexALLNoExpiry,712.84,ForexALLNoExpiry,Forex
2024-08-31 13:27:45,ForexALLNoExpiry,606.05,ForexALLNoExpiry,Forex
2023-12-22 17:56:15,ForexALLNoExpiry,462.43,ForexALLNoExpiry,Forex
2023-12-01 00:09:14,ForexALLNoExpiry,827.16,ForexALLNoExpiry,Forex
2023-07-15 19:50:14,ForexALLNoExpiry,912.15,ForexALLNoExpiry,Forex
2024-08-11 18:57:40,ForexALLNoExpiry,710.09,ForexALLNoExpiry,Forex
2024-02-29 03:11:30,ForexALLNoExpiry,557.32,ForexALLNoExpiry,Forex
2024-09-13 00:49:54,ForexALLNoExpiry,468.41,ForexALLNoExpiry,Forex
2023-10-06 12:19:32,ForexALLNoExpiry,923.27,ForexALLNoExpiry,Forex
2023-09-19 15:19:20,ForexALLNoExpiry,909.93,ForexALLNoExpiry,Forex
2024-02-17 14:48:36,ForexALLNoExpiry,559.24,ForexALLNoExpiry,Forex
2023-08-23 23:22:11,ForexALLNoExpiry,906.95,ForexALLNoExpiry,Forex
2024-10-12 15:43:06,ForexALLNoExpiry,786.56,ForexALLNoExpiry,Forex
2023-07-11 10:31:38,ForexALLNoExpiry,880.43,ForexALLNoExpiry,Forex
2023-06-23 17:08:25,ForexALLNoExpiry,260.17,ForexALLNoExpiry,Forex
2023-12-28 16:18:52,ForexALLNoExpiry,212.8,ForexALLNoExpiry,Forex
2024-07-16 01:58:29,ForexALLNoExpiry,450.41,ForexALLNoExpiry,Forex
2024-02-12 10:59:01,ForexALLNoExpiry,690.83,ForexALLNoExpiry,Forex
2023-10-26 09:23:18,ForexALLNoExpiry,785.83,ForexALLNoExpiry,Forex
2023-08-28 20:17:24,ForexALLNoExpiry,228.95,ForexALLNoExpiry,Forex
2024-11-14 11:47:42,ForexALLNoExpiry,283.12,ForexALLNoExpiry,Forex
2024-03-07 04:45:09,ForexALLNoExpiry,664.72,ForexALLNoExpiry,Forex
2025-01-03 01:25:59,ForexALLNoExpiry,277.84,ForexALLNoExpiry,Forex
2024-09-24 17:08:54,ForexALLNoExpiry,485.33,ForexALLNoExpiry,Forex
2023-07-27 12:28:54,ForexALLNoExpiry,321.48,ForexALLNoExpiry,Forex
2024-04-25 07:15:29,ForexALLNoExpiry,724.75,ForexALLNoExpiry,Forex
2025-02-13 12:35:25,ForexALLNoExpiry,876.19,ForexALLNoExpiry,Forex
2024-08-14 05:04:13,ForexALLNoExpiry,823.58,ForexALLNoExpiry,Forex
2023-07-22 20:06:03,ForexALLNoExpiry,773.47,ForexALLNoExpiry,Forex
2023-11-02 00:02:57,ForexALLNoExpiry,995.51,ForexALLNoExpiry,Forex
2024-11-09 15:34:27,ForexALLNoExpiry,823.88,ForexALLNoExpiry,Forex
2024-12-17 08:52:29,ForexALLNoExpiry,115.3,ForexALLNoExpiry,Forex
2024-11-15 04:44:11,ForexALLNoExpiry,497.87,ForexALLNoExpiry,Forex
2023-08-29 02:48:01,ForexALLNoExpiry,297.39,ForexALLNoExpiry,Forex
2024-07-03 15:42:58,ForexALLNoExpiry,964.62,ForexALLNoExpiry,Forex
2024-08-05 21:33:13,ForexALLNoExpiry,449.98,ForexALLNoExpiry,Forex
2023-12-11 10:10:43,ForexALLNoExpiry,494.97,ForexALLNoExpiry,Forex
2023-10-04 13:32:01,ForexALLNoExpiry,355.01,ForexALLNoExpiry,Forex
2024-09-03 22:51:40,ForexALLNoExpiry,991.69,ForexALLNoExpiry,Forex
2024-12-19 00:44:32,ForexALLNoExpiry,993.55,ForexALLNoExpiry,Forex
2023-09-24 21:12:13,ForexALLNoExpiry,694.86,ForexALLNoExpiry,Forex
2023-10-22 16:04:02,ForexALLNoExpiry,118.47,ForexALLNoExpiry,Forex
2024-01-17 08:47:40,ForexALLNoExpiry,387.45,ForexALLNoExpiry,Forex
2023-09-07 20:57:20,ForexALLNoExpiry,292.32,ForexALLNoExpiry,Forex
2024-01-08 16:57:09,ForexALLNoExpiry,685.24,ForexALLNoExpiry,Forex
2024-10-27 07:56:49,ForexALLNoExpiry,154.57,ForexALLNoExpiry,Forex
2023-12-18 15:40:34,ForexALLNoExpiry,242.15,ForexALLNoExpiry,Forex
2024-11-24 08:50:53,ForexALLNoExpiry,984.15,ForexALLNoExpiry,Forex
2024-03-03 07:13:27,ForexALLNoExpiry,446.9,ForexALLNoExpiry,Forex
2023-11-12 20:51:56,ForexALLNoExpiry,180.17,ForexALLNoExpiry,Forex
2025-02-15 17:17:07,ForexALLNoExpiry,907.23,ForexALLNoExpiry,Forex
2023-11-25 09:49:20,ForexALLNoExpiry,543.57,ForexALLNoExpiry,Forex
2024-01-30 05:42:52,ForexALLNoExpiry,453.2,ForexALLNoExpiry,Forex
2024-08-24 07:41:11,ForexALLNoExpiry,977.97,ForexALLNoExpiry,Forex
2023-11-08 07:15:39,ForexALLNoExpiry,802.24,ForexALLNoExpiry,Forex
2024-08-28 04:08:40,ForexALLNoExpiry,803.67,ForexALLNoExpiry,Forex
2024-06-30 18:34:11,ForexALLNoExpiry,739.12,ForexALLNoExpiry,Forex
2024-07-21 00:01:14,ForexALLNoExpiry,205.35,ForexALLNoExpiry,Forex
2024-02-21 15:01:28,ForexALLNoExpiry,936.41,ForexALLNoExpiry,Forex
2023-11-27 18:13:13,ForexALLNoExpiry,286.91,ForexALLNoExpiry,Forex
2023-11-16 13:49:05,ForexALLNoExpiry,250.58,ForexALLNoExpiry,Forex
2024-11-21 15:42:59,ForexALLNoExpiry,194.78,ForexALLNoExpiry,Forex
2024-08-09 23:18:47,ForexALLNoExpiry,886.68,ForexALLNoExpiry,Forex
2023-09-29 11:57:12,ForexALLNoExpiry,399.21,ForexALLNoExpiry,Forex
2024-06-23 03:47:49,ForexALLNoExpiry,316.34,ForexALLNoExpiry,Forex
2023-12-09 12:34:30,ForexALLNoExpiry,716.28,ForexALLNoExpiry,Forex
2023-10-24 13:09:11,ForexALLNoExpiry,564.53,ForexALLNoExpiry,Forex
2023-07-15 00:20:03,ForexALLNoExpiry,981.92,ForexALLNoExpiry,Forex
2024-05-01 14:01:57,ForexALLNoExpiry,431.81,ForexALLNoExpiry,Forex
2025-02-12 08:31:08,ForexALLNoExpiry,687.98,ForexALLNoExpiry,Forex
2025-01-23 07:40:20,ForexALLNoExpiry,506.48,ForexALLNoExpiry,Forex
2024-04-14 19:55:32,ForexALLNoExpiry,167.8,ForexALLNoExpiry,Forex
2023-09-16 22:39:44,ForexALLNoExpiry,531.95,ForexALLNoExpiry,Forex
2024-10-10 05:28:53,ForexALLNoExpiry,546.77,ForexALLNoExpiry,Forex
2024-02-17 05:37:51,ForexALLNoExpiry,722.51,ForexALLNoExpiry,Forex
2024-03-24 05:47:47,ForexALLNoExpiry,828.19,ForexALLNoExpiry,Forex
2024-10-25 11:54:07,ForexALLNoExpiry,791.6,ForexALLNoExpiry,Forex
2024-04-15 10:18:21,ForexALLNoExpiry,201.03,ForexALLNoExpiry,Forex
2023-07-06 14:21:14,ForexALLNoExpiry,235.55,ForexALLNoExpiry,Forex
2024-01-30 05:56:46,ForexALLNoExpiry,584.41,ForexALLNoExpiry,Forex
2023-09-17 01:05:04,ForexALLNoExpiry,270.17,ForexALLNoExpiry,Forex
2023-12-27 23:02:17,ForexALLNoExpiry,622.36,ForexALLNoExpiry,Forex
2023-12-11 19:08:18,ForexALLNoExpiry,400.12,ForexALLNoExpiry,Forex
2024-05-31 02:19:53,ForexALLNoExpiry,470.67,ForexALLNoExpiry,Forex
2024-01-02 10:58:18,ForexALLNoExpiry,530.03,ForexALLNoExpiry,Forex
2024-11-14 09:37:39,ForexALLNoExpiry,625.73,ForexALLNoExpiry,Forex
2023-07-05 15:34:54,ForexALLNoExpiry,769.5,ForexALLNoExpiry,Forex
2024-10-01 10:47:50,ForexALLNoExpiry,130.43,ForexALLNoExpiry,Forex
2023-12-04 08:21:16,ForexALLNoExpiry,429.62,ForexALLNoExpiry,Forex
2024-06-17 18:34:15,ForexALLNoExpiry,223.73,ForexALLNoExpiry,Forex
2024-09-07 05:59:00,ForexALLNoExpiry,163.2,ForexALLNoExpiry,Forex
2023-11-07 02:43:34,ForexALLNoExpiry,306.2,ForexALLNoExpiry,Forex
2025-02-10 16:26:54,ForexALLNoExpiry,808.32,ForexALLNoExpiry,Forex
2024-10-12 16:38:48,ForexALLNoExpiry,176.59,ForexALLNoExpiry,Forex
2023-07-20 20:30:15,ForexALLNoExpiry,160.98,ForexALLNoExpiry,Forex
2024-11-15 08:19:28,ForexALLNoExpiry,224.38,ForexALLNoExpiry,Forex
2024-04-14 23:19:25,ForexALLNoExpiry,532.03,ForexALLNoExpiry,Forex
2023-07-10 12:21:28,ForexALLNoExpiry,430.09,ForexALLNoExpiry,Forex
2024-12-25 13:32:29,ForexALLNoExpiry,933.32,ForexALLNoExpiry,Forex
2024-04-16 13:15:45,ForexALLNoExpiry,543.53,ForexALLNoExpiry,Forex
2024-09-18 11:52:29,ForexALLNoExpiry,697.69,ForexALLNoExpiry,Forex
2024-09-13 16:08:38,ForexALLNoExpiry,628.68,ForexALLNoExpiry,Forex
2024-01-05 17:02:57,ForexALLNoExpiry,234.01,ForexALLNoExpiry,Forex
2023-10-04 02:34:15,ForexALLNoExpiry,888.5,ForexALLNoExpiry,Forex
2024-06-24 22:51:08,ForexALLNoExpiry,690,ForexALLNoExpiry,Forex
2023-12-13 15:26:47,ForexALLNoExpiry,827.88,ForexALLNoExpiry,Forex
2024-11-11 03:52:24,ForexALLNoExpiry,287,ForexALLNoExpiry,Forex
2024-07-05 00:32:39,ForexALLNoExpiry,763.58,ForexALLNoExpiry,Forex
2023-12-16 20:38:57,ForexALLNoExpiry,204.45,ForexALLNoExpiry,Forex
2024-08-17 11:55:00,ForexALLNoExpiry,229.94,ForexALLNoExpiry,Forex
2023-09-03 12:33:41,ForexALLNoExpiry,954.49,ForexALLNoExpiry,Forex
2023-12-02 13:33:04,ForexALLNoExpiry,871.28,ForexALLNoExpiry,Forex
2024-07-05 18:47:52,ForexALLNoExpiry,239.9,ForexALLNoExpiry,Forex
2024-07-15 19:08:41,ForexALLNoExpiry,636.1,ForexALLNoExpiry,Forex
2024-01-04 01:16:07,ForexALLNoExpiry,669.23,ForexALLNoExpiry,Forex
2024-05-09 07:47:38,ForexALLNoExpiry,313.72,ForexALLNoExpiry,Forex
2024-02-10 21:17:19,ForexALLNoExpiry,326.32,ForexALLNoExpiry,Forex
2023-07-13 16:57:07,ForexALLNoExpiry,750.51,ForexALLNoExpiry,Forex
2024-05-31 20:20:08,ForexALLNoExpiry,347.59,ForexALLNoExpiry,Forex
2023-08-01 21:22:00,ForexALLNoExpiry,635.82,ForexALLNoExpiry,Forex
2024-10-09 04:10:14,ForexALLNoExpiry,451.86,ForexALLNoExpiry,Forex
2024-05-12 01:47:05,ForexALLNoExpiry,376.42,ForexALLNoExpiry,Forex
2023-10-25 22:28:44,ForexALLNoExpiry,968.14,ForexALLNoExpiry,Forex
2023-10-01 22:37:04,ForexALLNoExpiry,349.91,ForexALLNoExpiry,Forex
2024-06-10 21:48:45,ForexALLNoExpiry,477.47,ForexALLNoExpiry,Forex
2023-08-17 03:08:05,ForexALLNoExpiry,620.79,ForexALLNoExpiry,Forex
2024-08-09 17:53:09,ForexALLNoExpiry,301.71,ForexALLNoExpiry,Forex
2024-08-23 00:49:12,ForexALLNoExpiry,996.62,ForexALLNoExpiry,Forex
2024-11-28 01:22:33,ForexALLNoExpiry,606.6,ForexALLNoExpiry,Forex
2023-10-20 16:03:33,ForexALLNoExpiry,174.79,ForexALLNoExpiry,Forex
2025-01-08 18:27:28,ForexALLNoExpiry,471.47,ForexALLNoExpiry,Forex
2024-08-21 11:18:28,ForexALLNoExpiry,779.34,ForexALLNoExpiry,Forex
2024-05-13 11:37:31,ForexALLNoExpiry,931.68,ForexALLNoExpiry,Forex
2024-12-24 11:03:37,ForexALLNoExpiry,615.16,ForexALLNoExpiry,Forex
2023-06-16 18:31:55,ForexALLNoExpiry,288.1,ForexALLNoExpiry,Forex
2024-09-05 16:39:06,ForexALLNoExpiry,193.42,ForexALLNoExpiry,Forex
2024-01-02 15:29:28,ForexALLNoExpiry,944.9,ForexALLNoExpiry,Forex
2023-12-10 15:10:13,ForexALLNoExpiry,240.94,ForexALLNoExpiry,Forex
2024-08-08 21:04:26,ForexALLNoExpiry,647.81,ForexALLNoExpiry,Forex
2023-11-06 07:49:59,ForexALLNoExpiry,835.45,ForexALLNoExpiry,Forex
2024-05-03 07:50:47,ForexALLNoExpiry,430.54,ForexALLNoExpiry,Forex
2024-01-04 22:55:48,ForexALLNoExpiry,101.88,ForexALLNoExpiry,Forex
2024-02-27 10:39:44,ForexALLNoExpiry,681.46,ForexALLNoExpiry,Forex
2023-08-22 02:47:59,ForexALLNoExpiry,489.77,ForexALLNoExpiry,Forex
2025-01-19 22:07:59,ForexALLNoExpiry,978.61,ForexALLNoExpiry,Forex
2024-07-28 16:18:45,ForexALLNoExpiry,608.24,ForexALLNoExpiry,Forex
2023-07-25 00:07:05,ForexALLNoExpiry,885.16,ForexALLNoExpiry,Forex
2023-12-31 04:23:53,ForexALLNoExpiry,498.79,ForexALLNoExpiry,Forex
2025-01-16 17:39:44,ForexALLNoExpiry,131.4,ForexALLNoExpiry,Forex
2024-01-10 18:10:10,ForexALLNoExpiry,360.6,ForexALLNoExpiry,Forex
2023-10-31 03:07:30,ForexALLNoExpiry,835.27,ForexALLNoExpiry,Forex
2023-10-08 16:46:35,ForexALLNoExpiry,744.29,ForexALLNoExpiry,Forex
2023-07-05 19:50:11,ForexALLNoExpiry,219.5,ForexALLNoExpiry,Forex
2023-10-09 17:13:27,ForexALLNoExpiry,425.14,ForexALLNoExpiry,Forex
2024-12-09 06:15:55,ForexALLNoExpiry,111.67,ForexALLNoExpiry,Forex
2024-05-12 16:19:50,ForexALLNoExpiry,231.14,ForexALLNoExpiry,Forex
2024-03-11 20:45:35,ForexALLNoExpiry,734.1,ForexALLNoExpiry,Forex
2024-05-21 05:57:13,ForexALLNoExpiry,441.5,ForexALLNoExpiry,Forex
2024-09-28 10:06:46,ForexALLNoExpiry,618.26,ForexALLNoExpiry,Forex
2024-02-19 04:55:03,ForexALLNoExpiry,242.82,ForexALLNoExpiry,Forex
2024-05-21 00:29:21,ForexALLNoExpiry,625.88,ForexALLNoExpiry,Forex
2025-02-01 21:53:12,ForexALLNoExpiry,120.69,ForexALLNoExpiry,Forex
2023-09-22 06:04:03,ForexALLNoExpiry,280.4,ForexALLNoExpiry,Forex
2024-08-17 03:06:07,ForexALLNoExpiry,520.31,ForexALLNoExpiry,Forex
2023-06-20 22:07:53,ForexALLNoExpiry,246.6,ForexALLNoExpiry,Forex
2024-07-06 12:49:29,ForexALLNoExpiry,481.17,ForexALLNoExpiry,Forex
2024-07-25 09:07:03,ForexALLNoExpiry,466.42,ForexALLNoExpiry,Forex
2024-12-31 20:36:46,ForexALLNoExpiry,525.96,ForexALLNoExpiry,Forex
2025-02-27 19:23:07,ForexALLNoExpiry,984.35,ForexALLNoExpiry,Forex
2025-02-23 15:25:11,ForexALLNoExpiry,606.63,ForexALLNoExpiry,Forex
2025-02-27 12:22:07,ForexALLNoExpiry,661,ForexALLNoExpiry,Forex
2024-07-10 19:54:47,ForexALLNoExpiry,307.86,ForexALLNoExpiry,Forex
2024-12-03 16:29:17,ForexALLNoExpiry,894.39,ForexALLNoExpiry,Forex
2023-07-13 15:12:21,ForexALLNoExpiry,845.44,ForexALLNoExpiry,Forex
2024-09-20 20:51:08,ForexALLNoExpiry,505.55,ForexALLNoExpiry,Forex
2024-07-31 06:38:53,ForexALLNoExpiry,282.35,ForexALLNoExpiry,Forex
2023-07-27 01:24:29,ForexALLNoExpiry,200.99,ForexALLNoExpiry,Forex
2025-01-29 03:08:18,ForexALLNoExpiry,360.98,ForexALLNoExpiry,Forex
2023-06-18 08:03:26,ForexALLNoExpiry,745.13,ForexALLNoExpiry,Forex
2024-10-27 03:26:14,ForexALLNoExpiry,634.4,ForexALLNoExpiry,Forex
2024-02-04 04:20:29,ForexALLNoExpiry,716.97,ForexALLNoExpiry,Forex
2023-09-09 23:21:50,ForexALLNoExpiry,892.9,ForexALLNoExpiry,Forex
2024-03-30 16:13:52,ForexALLNoExpiry,810.3,ForexALLNoExpiry,Forex
2023-09-16 06:25:40,ForexALLNoExpiry,824.15,ForexALLNoExpiry,Forex
2024-03-29 12:22:50,ForexALLNoExpiry,959.61,ForexALLNoExpiry,Forex
2024-07-05 14:20:52,ForexALLNoExpiry,541.19,ForexALLNoExpiry,Forex
2024-04-04 11:12:07,ForexALLNoExpiry,207.35,ForexALLNoExpiry,Forex
2024-04-17 05:59:18,ForexALLNoExpiry,290.47,ForexALLNoExpiry,Forex
2024-09-17 21:58:03,ForexALLNoExpiry,719.32,ForexALLNoExpiry,Forex
2024-12-28 19:46:20,ForexALLNoExpiry,559.74,ForexALLNoExpiry,Forex
2023-12-11 12:52:56,ForexALLNoExpiry,857.26,ForexALLNoExpiry,Forex
2024-04-30 18:35:52,ForexALLNoExpiry,242.15,ForexALLNoExpiry,Forex
2024-07-17 17:29:23,ForexALLNoExpiry,466.14,ForexALLNoExpiry,Forex
2024-05-22 03:38:03,ForexALLNoExpiry,279.05,ForexALLNoExpiry,Forex
2025-02-25 01:11:52,ForexALLNoExpiry,687.53,ForexALLNoExpiry,Forex
2025-01-14 06:23:02,ForexALLNoExpiry,148.88,ForexALLNoExpiry,Forex
2024-04-01 20:15:05,ForexALLNoExpiry,234.81,ForexALLNoExpiry,Forex
2024-06-20 02:50:55,ForexALLNoExpiry,915.03,ForexALLNoExpiry,Forex
2024-04-03 21:29:41,ForexALLNoExpiry,339.19,ForexALLNoExpiry,Forex
2024-10-22 07:41:39,ForexALLNoExpiry,764.57,ForexALLNoExpiry,Forex
2023-09-11 23:57:25,ForexALLNoExpiry,460.73,ForexALLNoExpiry,Forex
2024-03-10 15:18:17,ForexALLNoExpiry,853.4,ForexALLNoExpiry,Forex
2025-02-01 03:16:57,ForexALLNoExpiry,644.81,ForexALLNoExpiry,Forex
2024-12-10 19:32:44,ForexALLNoExpiry,555.09,ForexALLNoExpiry,Forex
2024-08-05 15:33:35,ForexALLNoExpiry,221.68,ForexALLNoExpiry,Forex
2024-10-05 03:46:43,ForexALLNoExpiry,271.77,ForexALLNoExpiry,Forex
2023-12-16 04:37:37,ForexALLNoExpiry,459.02,ForexALLNoExpiry,Forex
2023-09-15 13:43:15,ForexALLNoExpiry,705.87,ForexALLNoExpiry,Forex
2023-11-21 14:45:59,ForexALLNoExpiry,245.14,ForexALLNoExpiry,Forex
2024-01-31 13:50:29,ForexALLNoExpiry,431.96,ForexALLNoExpiry,Forex
2023-09-06 18:03:05,ForexALLNoExpiry,440.16,ForexALLNoExpiry,Forex
2024-08-14 07:44:56,ForexALLNoExpiry,908.34,ForexALLNoExpiry,Forex
2024-04-15 04:36:46,ForexALLNoExpiry,381.26,ForexALLNoExpiry,Forex
2023-07-19 22:35:56,ForexALLNoExpiry,572.32,ForexALLNoExpiry,Forex
2024-04-26 06:06:57,ForexALLNoExpiry,357.66,ForexALLNoExpiry,Forex
2024-10-03 08:26:12,ForexALLNoExpiry,695.15,ForexALLNoExpiry,Forex
2024-01-15 23:09:08,ForexALLNoExpiry,367.86,ForexALLNoExpiry,Forex
2024-07-05 14:29:58,ForexALLNoExpiry,310.84,ForexALLNoExpiry,Forex
2025-02-10 13:39:47,ForexALLNoExpiry,867.53,ForexALLNoExpiry,Forex
2024-09-08 18:58:12,ForexALLNoExpiry,866.42,ForexALLNoExpiry,Forex
2024-07-14 01:01:01,ForexALLNoExpiry,123.53,ForexALLNoExpiry,Forex
2023-07-26 06:44:04,ForexALLNoExpiry,485.62,ForexALLNoExpiry,Forex
2024-08-29 05:44:12,ForexALLNoExpiry,257.03,ForexALLNoExpiry,Forex
2023-12-09 13:07:08,ForexALLNoExpiry,909.98,ForexALLNoExpiry,Forex
2024-05-05 06:32:36,ForexALLNoExpiry,787.6,ForexALLNoExpiry,Forex
2023-10-22 18:35:54,ForexALLNoExpiry,732.83,ForexALLNoExpiry,Forex
2024-03-23 08:10:09,ForexALLNoExpiry,265.51,ForexALLNoExpiry,Forex
2024-09-09 01:57:29,ForexALLNoExpiry,334.25,ForexALLNoExpiry,Forex
2024-02-06 12:15:48,ForexALLNoExpiry,268.4,ForexALLNoExpiry,Forex
2024-07-23 01:38:33,ForexALLNoExpiry,601.11,ForexALLNoExpiry,Forex
2023-09-11 18:51:18,ForexALLNoExpiry,330.6,ForexALLNoExpiry,Forex
2025-03-02 01:08:02,ForexALLNoExpiry,557.22,ForexALLNoExpiry,Forex
2024-06-23 21:16:03,ForexALLNoExpiry,154.14,ForexALLNoExpiry,Forex
2025-02-24 05:48:11,ForexALLNoExpiry,578.81,ForexALLNoExpiry,Forex
2023-12-27 12:39:19,ForexALLNoExpiry,107.28,ForexALLNoExpiry,Forex
2023-07-27 10:41:37,ForexALLNoExpiry,274.79,ForexALLNoExpiry,Forex
2023-07-27 06:22:26,ForexALLNoExpiry,601.33,ForexALLNoExpiry,Forex
2023-11-19 20:24:14,ForexALLNoExpiry,117.13,ForexALLNoExpiry,Forex
2024-06-02 22:32:17,ForexALLNoExpiry,999.49,ForexALLNoExpiry,Forex
2024-09-26 04:57:38,ForexALLNoExpiry,686.94,ForexALLNoExpiry,Forex
2024-03-04 14:54:18,ForexALLNoExpiry,708.01,ForexALLNoExpiry,Forex
2024-12-17 22:51:12,ForexALLNoExpiry,395.92,ForexALLNoExpiry,Forex
2024-04-08 02:22:42,ForexALLNoExpiry,741.19,ForexALLNoExpiry,Forex
2024-09-28 01:47:09,ForexALLNoExpiry,107.87,ForexALLNoExpiry,Forex
2024-10-06 17:33:37,ForexALLNoExpiry,964.51,ForexALLNoExpiry,Forex
2023-07-11 14:42:09,ForexALLNoExpiry,482.87,ForexALLNoExpiry,Forex
2023-10-21 02:08:40,ForexALLNoExpiry,457.51,ForexALLNoExpiry,Forex
2023-07-13 01:12:32,ForexALLNoExpiry,831.45,ForexALLNoExpiry,Forex
2023-12-20 06:06:54,ForexALLNoExpiry,654.07,ForexALLNoExpiry,Forex
2023-10-22 03:39:57,ForexALLNoExpiry,743.88,ForexALLNoExpiry,Forex
2025-02-12 10:56:12,ForexALLNoExpiry,413.1,ForexALLNoExpiry,Forex
2024-06-23 01:29:09,ForexALLNoExpiry,844.48,ForexALLNoExpiry,Forex
2023-08-07 21:35:14,ForexALLNoExpiry,466.06,ForexALLNoExpiry,Forex
2024-07-23 18:33:51,ForexALLNoExpiry,542.4,ForexALLNoExpiry,Forex
2024-09-15 10:58:43,ForexALLNoExpiry,812.47,ForexALLNoExpiry,Forex
2023-11-10 01:10:26,ForexALLNoExpiry,603.25,ForexALLNoExpiry,Forex
2025-02-15 02:54:48,ForexALLNoExpiry,789.85,ForexALLNoExpiry,Forex
2024-09-24 11:18:38,ForexALLNoExpiry,277.35,ForexALLNoExpiry,Forex
2023-07-07 02:43:56,ForexALLNoExpiry,426.51,ForexALLNoExpiry,Forex
2023-11-28 19:29:43,ForexALLNoExpiry,584.44,ForexALLNoExpiry,Forex
2024-03-17 06:55:37,ForexALLNoExpiry,958.18,ForexALLNoExpiry,Forex
2025-01-20 03:11:58,ForexALLNoExpiry,263.1,ForexALLNoExpiry,Forex
2024-07-17 11:36:30,ForexALLNoExpiry,271.64,ForexALLNoExpiry,Forex
2024-03-18 06:22:25,ForexALLNoExpiry,845.62,ForexALLNoExpiry,Forex
2023-07-01 19:12:01,ForexALLNoExpiry,255.48,ForexALLNoExpiry,Forex
2023-08-28 22:19:35,ForexALLNoExpiry,241.81,ForexALLNoExpiry,Forex
2024-07-05 05:16:22,ForexALLNoExpiry,404.87,ForexALLNoExpiry,Forex
2023-10-28 21:48:47,ForexALLNoExpiry,173.62,ForexALLNoExpiry,Forex
2025-01-23 14:08:39,ForexALLNoExpiry,412.56,ForexALLNoExpiry,Forex
2024-08-04 05:04:58,ForexALLNoExpiry,894.11,ForexALLNoExpiry,Forex
2024-12-03 05:37:02,ForexALLNoExpiry,174.56,ForexALLNoExpiry,Forex
2024-07-01 08:03:17,ForexALLNoExpiry,419.73,ForexALLNoExpiry,Forex
2024-03-10 06:02:26,ForexALLNoExpiry,616.05,ForexALLNoExpiry,Forex
2025-01-04 09:00:57,ForexALLNoExpiry,558.15,ForexALLNoExpiry,Forex
2023-08-05 23:08:50,ForexALLNoExpiry,200.46,ForexALLNoExpiry,Forex
2023-10-03 21:23:08,ForexALLNoExpiry,962.37,ForexALLNoExpiry,Forex
2023-11-09 10:00:12,ForexALLNoExpiry,433.11,ForexALLNoExpiry,Forex
2024-12-30 05:33:24,ForexALLNoExpiry,876.4,ForexALLNoExpiry,Forex
2023-08-22 02:55:05,ForexALLNoExpiry,981.15,ForexALLNoExpiry,Forex
2023-11-09 20:51:50,ForexALLNoExpiry,905.6,ForexALLNoExpiry,Forex
2024-08-30 17:40:29,ForexALLNoExpiry,893.55,ForexALLNoExpiry,Forex
2024-11-08 20:56:05,ForexALLNoExpiry,397.5,ForexALLNoExpiry,Forex
2025-02-14 12:36:26,ForexALLNoExpiry,251.48,ForexALLNoExpiry,Forex
2024-11-03 19:46:04,ForexALLNoExpiry,330.32,ForexALLNoExpiry,Forex
2023-07-28 20:27:30,ForexALLNoExpiry,773.18,ForexALLNoExpiry,Forex
2025-02-28 15:31:00,ForexALLNoExpiry,866.54,ForexALLNoExpiry,Forex
2024-06-01 20:40:42,ForexALLNoExpiry,345.86,ForexALLNoExpiry,Forex
2024-07-10 01:04:38,ForexALLNoExpiry,314.79,ForexALLNoExpiry,Forex
2023-08-02 17:42:58,ForexALLNoExpiry,197.29,ForexALLNoExpiry,Forex
2023-12-24 02:14:55,ForexALLNoExpiry,376.86,ForexALLNoExpiry,Forex
2024-04-20 12:57:09,ForexALLNoExpiry,465.23,ForexALLNoExpiry,Forex
2024-06-14 08:28:31,ForexALLNoExpiry,679.61,ForexALLNoExpiry,Forex
2023-07-16 00:20:37,ForexALLNoExpiry,231.94,ForexALLNoExpiry,Forex
2023-09-19 15:25:39,ForexALLNoExpiry,239.52,ForexALLNoExpiry,Forex
2024-11-13 08:33:39,ForexALLNoExpiry,255.34,ForexALLNoExpiry,Forex
2023-07-06 21:55:34,ForexALLNoExpiry,572.75,ForexALLNoExpiry,Forex
2023-10-13 13:40:19,ForexALLNoExpiry,549.99,ForexALLNoExpiry,Forex
2024-07-04 23:40:13,ForexALLNoExpiry,462.93,ForexALLNoExpiry,Forex
2024-08-27 17:59:26,ForexALLNoExpiry,726.89,ForexALLNoExpiry,Forex
2024-08-12 20:50:27,ForexALLNoExpiry,357.39,ForexALLNoExpiry,Forex
2025-02-08 21:02:28,ForexALLNoExpiry,231.89,ForexALLNoExpiry,Forex
2024-05-14 00:22:01,ForexALLNoExpiry,434.62,ForexALLNoExpiry,Forex
2023-07-08 02:16:27,ForexALLNoExpiry,843.07,ForexALLNoExpiry,Forex
2023-08-05 16:05:54,ForexALLNoExpiry,963.59,ForexALLNoExpiry,Forex
2023-07-03 07:31:42,ForexALLNoExpiry,422.22,ForexALLNoExpiry,Forex
2024-05-11 16:13:41,ForexALLNoExpiry,895.62,ForexALLNoExpiry,Forex
2024-03-16 04:13:37,ForexALLNoExpiry,777.75,ForexALLNoExpiry,Forex
2024-04-23 23:05:54,ForexALLNoExpiry,578.37,ForexALLNoExpiry,Forex
2024-02-01 08:02:58,ForexALLNoExpiry,948.27,ForexALLNoExpiry,Forex
2024-07-29 00:43:58,ForexALLNoExpiry,893.48,ForexALLNoExpiry,Forex
2024-03-09 13:39:49,ForexALLNoExpiry,692.45,ForexALLNoExpiry,Forex
2024-07-12 16:28:21,ForexALLNoExpiry,510.74,ForexALLNoExpiry,Forex
2024-02-13 19:43:45,ForexALLNoExpiry,490.77,ForexALLNoExpiry,Forex
2024-10-27 12:09:58,ForexALLNoExpiry,434.95,ForexALLNoExpiry,Forex
2024-01-17 11:42:38,ForexALLNoExpiry,690.29,ForexALLNoExpiry,Forex
2023-12-17 14:08:09,ForexALLNoExpiry,702.56,ForexALLNoExpiry,Forex
2023-08-22 18:23:12,ForexALLNoExpiry,812.64,ForexALLNoExpiry,Forex
2025-02-25 03:13:23,ForexALLNoExpiry,673.56,ForexALLNoExpiry,Forex
2024-05-30 08:56:25,ForexALLNoExpiry,827.91,ForexALLNoExpiry,Forex
2025-01-25 20:57:07,ForexALLNoExpiry,267.23,ForexALLNoExpiry,Forex
2023-10-16 02:35:46,ForexALLNoExpiry,353.01,ForexALLNoExpiry,Forex
2024-02-28 21:15:57,ForexALLNoExpiry,569.09,ForexALLNoExpiry,Forex
2024-01-10 18:21:07,ForexALLNoExpiry,373.15,ForexALLNoExpiry,Forex
2024-09-24 23:31:51,ForexALLNoExpiry,633.13,ForexALLNoExpiry,Forex
2024-08-08 13:17:10,ForexALLNoExpiry,646.8,ForexALLNoExpiry,Forex
2024-12-11 20:29:01,ForexALLNoExpiry,676.98,ForexALLNoExpiry,Forex
2025-01-25 19:56:49,ForexALLNoExpiry,243.71,ForexALLNoExpiry,Forex
2023-07-02 08:51:32,ForexALLNoExpiry,262.74,ForexALLNoExpiry,Forex
2024-03-03 00:41:22,ForexALLNoExpiry,256.92,ForexALLNoExpiry,Forex
2023-08-11 19:02:22,ForexALLNoExpiry,752.84,ForexALLNoExpiry,Forex
2023-10-01 23:10:09,ForexALLNoExpiry,322.85,ForexALLNoExpiry,Forex
2024-11-21 22:15:17,ForexALLNoExpiry,642.87,ForexALLNoExpiry,Forex
2024-06-29 20:32:52,ForexALLNoExpiry,517.83,ForexALLNoExpiry,Forex
2023-09-18 03:26:30,ForexALLNoExpiry,821.63,ForexALLNoExpiry,Forex
2023-11-16 04:34:22,ForexALLNoExpiry,422.14,ForexALLNoExpiry,Forex
2024-02-23 09:39:37,ForexALLNoExpiry,361.04,ForexALLNoExpiry,Forex
2024-02-26 07:48:59,ForexALLNoExpiry,791.45,ForexALLNoExpiry,Forex
2024-08-16 17:41:26,ForexALLNoExpiry,317.36,ForexALLNoExpiry,Forex
2024-06-02 00:17:18,ForexALLNoExpiry,531.56,ForexALLNoExpiry,Forex
2023-11-29 09:16:04,ForexALLNoExpiry,546.75,ForexALLNoExpiry,Forex
2024-05-26 04:37:35,ForexALLNoExpiry,818.81,ForexALLNoExpiry,Forex
2023-10-10 02:22:13,ForexALLNoExpiry,688.49,ForexALLNoExpiry,Forex
2024-12-11 11:42:01,ForexALLNoExpiry,545.89,ForexALLNoExpiry,Forex
2023-10-15 15:01:09,ForexALLNoExpiry,279.59,ForexALLNoExpiry,Forex
2024-10-23 03:41:35,ForexALLNoExpiry,381.87,ForexALLNoExpiry,Forex
2023-09-24 12:14:28,ForexALLNoExpiry,361.95,ForexALLNoExpiry,Forex
2024-07-23 09:58:27,ForexALLNoExpiry,848.25,ForexALLNoExpiry,Forex
2025-01-18 12:46:37,ForexALLNoExpiry,669.7,ForexALLNoExpiry,Forex
2024-12-20 15:54:46,ForexALLNoExpiry,534.75,ForexALLNoExpiry,Forex
2025-01-31 14:01:47,ForexALLNoExpiry,909.97,ForexALLNoExpiry,Forex
